seed,seed_index,window_index,end_time_s,duration_s,wall_momentum_pressure,ideal_reference_pressure,relative_gap_percent
hard-sphere-seed-01,1,1,10.1,0.1,0,0.0579704552,-100
hard-sphere-seed-01,1,2,10.2,0.1,0.076120711,0.0571994291,33.07949423
hard-sphere-seed-01,1,3,10.3,0.1,0.0566105347,0.0571338854,-0.91600749
hard-sphere-seed-01,1,4,10.4,0.1,0.0872664071,0.0559686731,55.92009287
hard-sphere-seed-01,1,5,10.5,0.1,0.0614169414,0.0556256078,10.41127245
hard-sphere-seed-01,1,6,10.6,0.1,0.0158646157,0.0556902085,-71.5127378
hard-sphere-seed-01,1,7,10.7,0.1,0.0065752377,0.0559476968,-88.24752743
hard-sphere-seed-01,1,8,10.8,0.1,0.0560915314,0.0563058489,-0.38063091
hard-sphere-seed-01,1,9,10.9,0.1,0.0583596914,0.0540582678,7.95701334
hard-sphere-seed-01,1,10,11,0.1,0.1172319901,0.0524620764,123.46044668
hard-sphere-seed-01,1,11,11.1,0.1,0.0198112132,0.0528662584,-62.52578894
hard-sphere-seed-01,1,12,11.2,0.1,0.0645538312,0.0517088555,24.84095917
hard-sphere-seed-01,1,13,11.3,0.1,0.0425102049,0.0541134666,-21.442466
hard-sphere-seed-01,1,14,11.4,0.1,0.0095076275,0.0548224,-82.65740381
hard-sphere-seed-01,1,15,11.5,0.1,0.1260046403,0.0550837785,128.75090218
hard-sphere-seed-01,1,16,11.6,0.1,0.0167594601,0.0573299156,-70.76664085
hard-sphere-seed-01,1,17,11.7,0.1,0.05587552,0.0576313476,-3.04665366
hard-sphere-seed-01,1,18,11.8,0.1,0.0312334304,0.0571967848,-45.39303122
hard-sphere-seed-01,1,19,11.9,0.1,0.1003883305,0.0578747366,73.45794796
hard-sphere-seed-01,1,20,12,0.1,0.0716366678,0.0571400755,25.37027152
hard-sphere-seed-01,1,21,12.1,0.1,0.0560967571,0.0564396447,-0.60752966
hard-sphere-seed-01,1,22,12.2,0.1,0.006854569,0.0557339604,-87.70127058
hard-sphere-seed-01,1,23,12.3,0.1,0.1022271871,0.0558923953,82.89999306
hard-sphere-seed-01,1,24,12.4,0.1,0.0632480433,0.0579334769,9.17356704
hard-sphere-seed-01,1,25,12.5,0.1,0.0274698681,0.0601171507,-54.30610431
hard-sphere-seed-01,1,26,12.6,0.1,0.1492968045,0.0618004766,141.57872685
hard-sphere-seed-01,1,27,12.7,0.1,0,0.0598266374,-100
hard-sphere-seed-01,1,28,12.8,0.1,0.0230868431,0.0606164839,-61.91325919
hard-sphere-seed-01,1,29,12.9,0.1,0.0413081664,0.0613061509,-32.61986633
hard-sphere-seed-01,1,30,13,0.1,0.0518253397,0.0596626431,-13.13603131
hard-sphere-seed-01,1,31,13.1,0.1,0.1444220706,0.0592924086,143.57598887
hard-sphere-seed-01,1,32,13.2,0.1,0.0280616866,0.061591581,-54.43908711
hard-sphere-seed-01,1,33,13.3,0.1,0.0570080211,0.0617391707,-7.66312469
hard-sphere-seed-01,1,34,13.4,0.1,0.0716781123,0.0630080021,13.76033185
hard-sphere-seed-01,1,35,13.5,0.1,0.0963418279,0.0626406678,53.80076756
hard-sphere-seed-01,1,36,13.6,0.1,0.0516298719,0.0637448915,-19.00547536
hard-sphere-seed-01,1,37,13.7,0.1,0.0803231027,0.0614501081,30.71271172
hard-sphere-seed-01,1,38,13.8,0.1,0.0337376952,0.0604681606,-44.2058516
hard-sphere-seed-01,1,39,13.9,0.1,0.1208107079,0.0605984573,99.36267909
hard-sphere-seed-01,1,40,14,0.1,0.0597398296,0.0607876208,-1.72369175
hard-sphere-seed-01,1,41,14.1,0.1,0.0453750459,0.0616268887,-26.37135052
hard-sphere-seed-01,1,42,14.2,0.1,0.0871217493,0.0617132855,41.17178918
hard-sphere-seed-01,1,43,14.3,0.1,0.0941180319,0.0595248511,58.11552675
hard-sphere-seed-01,1,44,14.4,0.1,0.074465247,0.0589321816,26.35752655
hard-sphere-seed-01,1,45,14.5,0.1,0.0470484615,0.0604996394,-22.23348447
hard-sphere-seed-01,1,46,14.6,0.1,0.0108066318,0.0625963151,-82.73599364
hard-sphere-seed-01,1,47,14.7,0.1,0.0820166249,0.0632563905,29.65745325
hard-sphere-seed-01,1,48,14.8,0.1,0.0536005161,0.0642659798,-16.59581597
hard-sphere-seed-01,1,49,14.9,0.1,0.065189899,0.0642347312,1.48699591
hard-sphere-seed-01,1,50,15,0.1,0.0416932561,0.0626196092,-33.418211
hard-sphere-seed-01,1,51,15.1,0.1,0.0911818669,0.0603812559,51.01021936
hard-sphere-seed-01,1,52,15.2,0.1,0.0074821249,0.059460463,-87.41663862
hard-sphere-seed-01,1,53,15.3,0.1,0.0289441387,0.0593250131,-51.21090214
hard-sphere-seed-01,1,54,15.4,0.1,0.055101156,0.0612274529,-10.00580062
hard-sphere-seed-01,1,55,15.5,0.1,0.0066830064,0.0608005228,-89.00830766
hard-sphere-seed-01,1,56,15.6,0.1,0.076224782,0.0608901808,25.18402971
hard-sphere-seed-01,1,57,15.7,0.1,0.0944673782,0.0606902332,55.65499286
hard-sphere-seed-01,1,58,15.8,0.1,0.0406028753,0.0612622348,-33.72283026
hard-sphere-seed-01,1,59,15.9,0.1,0.09266231,0.0606140901,52.87255803
hard-sphere-seed-01,1,60,16,0.1,0.014596603,0.0601008721,-75.7131594
hard-sphere-seed-01,1,61,16.1,0.1,0.1228526155,0.0602025865,104.06534453
hard-sphere-seed-01,1,62,16.2,0.1,0.0079567105,0.0580920432,-86.30326968
hard-sphere-seed-01,1,63,16.3,0.1,0.0774503502,0.0571325951,35.56245787
hard-sphere-seed-01,1,64,16.4,0.1,0.0145202173,0.0584149354,-75.1429712
hard-sphere-seed-01,1,65,16.5,0.1,0.0667597165,0.0566948671,17.75266411
hard-sphere-seed-01,1,66,16.6,0.1,0.1177626765,0.0551364653,113.58401519
hard-sphere-seed-01,1,67,16.7,0.1,0.1126177478,0.0536047719,110.08903466
hard-sphere-seed-01,1,68,16.8,0.1,0.0451773371,0.0543409312,-16.86315243
hard-sphere-seed-01,1,69,16.9,0.1,0.1001149012,0.0548981799,82.3647003
hard-sphere-seed-01,1,70,17,0.1,0.0789919381,0.0539494678,46.41838236
hard-sphere-seed-01,1,71,17.1,0.1,0,0.0555421521,-100
hard-sphere-seed-01,1,72,17.2,0.1,0.0377915829,0.054424881,-30.56193733
hard-sphere-seed-01,1,73,17.3,0.1,0.0639349747,0.0539268776,18.55864374
hard-sphere-seed-01,1,74,17.4,0.1,0.0427045574,0.0523405313,-18.41015688
hard-sphere-seed-01,1,75,17.5,0.1,0.0815360792,0.0534610723,52.51485939
hard-sphere-seed-01,1,76,17.6,0.1,0.047806785,0.0541580191,-11.72722751
hard-sphere-seed-01,1,77,17.7,0.1,0.0508493625,0.0578059825,-12.03442905
hard-sphere-seed-01,1,78,17.8,0.1,0.0110008818,0.0579553605,-81.01835332
hard-sphere-seed-01,1,79,17.9,0.1,0.101521685,0.0616649095,64.63445066
hard-sphere-seed-01,1,80,18,0.1,0,0.064476331,-100
hard-sphere-seed-01,1,81,18.1,0.1,0.090657234,0.0638021762,42.09113152
hard-sphere-seed-01,1,82,18.2,0.1,0.0604770724,0.0629191726,-3.88132924
hard-sphere-seed-01,1,83,18.3,0.1,0.0352760579,0.0628535967,-43.87583254
hard-sphere-seed-01,1,84,18.4,0.1,0.0809225688,0.0612310653,32.15933514
hard-sphere-seed-01,1,85,18.5,0.1,0.0330529317,0.0607456125,-45.58795224
hard-sphere-seed-01,1,86,18.6,0.1,0.0526472032,0.0570379932,-7.6980092
hard-sphere-seed-01,1,87,18.7,0.1,0.0405484764,0.0593536103,-31.68321818
hard-sphere-seed-01,1,88,18.8,0.1,0.0141838243,0.0574947924,-75.33024517
hard-sphere-seed-01,1,89,18.9,0.1,0.0262412452,0.0560991764,-53.2234752
hard-sphere-seed-01,1,90,19,0.1,0.1158747592,0.0560866378,106.59958191
hard-sphere-seed-01,1,91,19.1,0.1,0.0554825716,0.0570373375,-2.72587378
hard-sphere-seed-01,1,92,19.2,0.1,0.0599118647,0.0567580684,5.55656043
hard-sphere-seed-01,1,93,19.3,0.1,0.059936354,0.0573498175,4.5101042
hard-sphere-seed-01,1,94,19.4,0.1,0.0672945082,0.0577013202,16.6255954
hard-sphere-seed-01,1,95,19.5,0.1,0.0360314621,0.0591453351,-39.07979038
hard-sphere-seed-01,1,96,19.6,0.1,0,0.059174788,-100
hard-sphere-seed-01,1,97,19.7,0.1,0.0342492002,0.0601939802,-43.10195124
hard-sphere-seed-01,1,98,19.8,0.1,0.0641069039,0.0594022028,7.92007843
hard-sphere-seed-01,1,99,19.9,0.1,0.0319349677,0.0598545694,-46.64573145
hard-sphere-seed-01,1,100,20,0.1,0.1215287841,0.0595317939,104.14097439
hard-sphere-seed-01,1,101,20.1,0.1,0.1016010277,0.0592236963,71.55468845
hard-sphere-seed-01,1,102,20.2,0.1,0.0585179364,0.0594715675,-1.60350751
hard-sphere-seed-01,1,103,20.3,0.1,0.1310956321,0.0583415705,124.70363912
hard-sphere-seed-01,1,104,20.4,0.1,0.1083327489,0.0585692908,84.9651028
hard-sphere-seed-01,1,105,20.5,0.1,0.0585483131,0.0602511735,-2.82626918
hard-sphere-seed-01,1,106,20.6,0.1,0.054451112,0.0589135409,-7.57453863
hard-sphere-seed-01,1,107,20.7,0.1,0.0379548689,0.0592200441,-35.90874599
hard-sphere-seed-01,1,108,20.8,0.1,0.0478039732,0.0607454939,-21.30449502
hard-sphere-seed-01,1,109,20.9,0.1,0.0300624925,0.0609840103,-50.70430366
hard-sphere-seed-01,1,110,21,0.1,0.0668175741,0.0601542268,11.0771058
hard-sphere-seed-01,1,111,21.1,0.1,0.0223380796,0.0602445905,-62.92102016
hard-sphere-seed-01,1,112,21.2,0.1,0.0968785759,0.0618931371,56.52555419
hard-sphere-seed-01,1,113,21.3,0.1,0.094006697,0.0629093269,49.4320504
hard-sphere-seed-01,1,114,21.4,0.1,0.0593126915,0.0617966734,-4.01960466
hard-sphere-seed-01,1,115,21.5,0.1,0.0908890011,0.0624025113,45.64958884
hard-sphere-seed-01,1,116,21.6,0.1,0.0436897785,0.0624225321,-30.00960225
hard-sphere-seed-01,1,117,21.7,0.1,0.0920201263,0.0618802049,48.70688694
hard-sphere-seed-01,1,118,21.8,0.1,0.0131544617,0.0599111288,-78.04337525
hard-sphere-seed-01,1,119,21.9,0.1,0,0.0593794269,-100
hard-sphere-seed-01,1,120,22,0.1,0.0112212418,0.0595831766,-81.16709712
hard-sphere-seed-01,1,121,22.1,0.1,0,0.0597692517,-100
hard-sphere-seed-01,1,122,22.2,0.1,0.0280802277,0.0601701424,-53.33195735
hard-sphere-seed-01,1,123,22.3,0.1,0.07205827,0.0615507407,17.07132886
hard-sphere-seed-01,1,124,22.4,0.1,0.128717516,0.0597598942,115.39113765
hard-sphere-seed-01,1,125,22.5,0.1,0.0545372988,0.0559291795,-2.48864852
hard-sphere-seed-01,1,126,22.6,0.1,0.0939237373,0.0558513519,68.16734789
hard-sphere-seed-01,1,127,22.7,0.1,0.1102075353,0.0562749207,95.83774436
hard-sphere-seed-01,1,128,22.8,0.1,0.0214933027,0.0567920754,-62.15439827
hard-sphere-seed-01,1,129,22.9,0.1,0.0351386065,0.0578017139,-39.20836583
hard-sphere-seed-01,1,130,23,0.1,0.0686296676,0.0597821681,14.79956275
hard-sphere-seed-01,1,131,23.1,0.1,0.0385547468,0.0595934135,-35.30367782
hard-sphere-seed-01,1,132,23.2,0.1,0.1167201134,0.0604491696,93.08803463
hard-sphere-seed-01,1,133,23.3,0.1,0.0371135337,0.0613753677,-39.53024629
hard-sphere-seed-01,1,134,23.4,0.1,0.0058023836,0.0597143108,-90.28309372
hard-sphere-seed-01,1,135,23.5,0.1,0.0811419514,0.0571436208,41.99651736
hard-sphere-seed-01,1,136,23.6,0.1,0.0329320994,0.0562219388,-41.42482429
hard-sphere-seed-01,1,137,23.7,0.1,0.0462597323,0.0574607099,-19.49328093
hard-sphere-seed-01,1,138,23.8,0.1,0.0732168013,0.0563017322,30.04360344
hard-sphere-seed-01,1,139,23.9,0.1,0.0199566482,0.0553667998,-63.95556854
hard-sphere-seed-01,1,140,24,0.1,0.020631838,0.0560244686,-63.17352315
hard-sphere-seed-01,1,141,24.1,0.1,0.1188905313,0.0565520438,110.23206803
hard-sphere-seed-01,1,142,24.2,0.1,0.0300519571,0.058707363,-48.81058252
hard-sphere-seed-01,1,143,24.3,0.1,0.0474925317,0.0592919208,-19.90050069
hard-sphere-seed-01,1,144,24.4,0.1,0.1094712232,0.059590608,83.70549787
hard-sphere-seed-01,1,145,24.5,0.1,0.0327547119,0.0571221259,-42.65845081
hard-sphere-seed-01,1,146,24.6,0.1,0.0230936832,0.0585256301,-60.54090627
hard-sphere-seed-01,1,147,24.7,0.1,0.1277555264,0.0594138345,115.02656318
hard-sphere-seed-01,1,148,24.8,0.1,0.0330863381,0.0613310236,-46.05285195
hard-sphere-seed-01,1,149,24.9,0.1,0.0175407441,0.061882197,-71.65461965
hard-sphere-seed-01,1,150,25,0.1,0.1326712658,0.0625923911,111.96069289
hard-sphere-seed-01,1,151,25.1,0.1,0.0548593945,0.0617864458,-11.21127983
hard-sphere-seed-01,1,152,25.2,0.1,0.1393024092,0.0577049796,141.40448573
hard-sphere-seed-01,1,153,25.3,0.1,0.0476821504,0.0577343829,-17.41117149
hard-sphere-seed-01,1,154,25.4,0.1,0.0460998075,0.0589533123,-21.80285436
hard-sphere-seed-01,1,155,25.5,0.1,0.0647581581,0.0588318377,10.07332192
hard-sphere-seed-01,1,156,25.6,0.1,0.0217880794,0.0573196304,-61.98845102
hard-sphere-seed-01,1,157,25.7,0.1,0.0564399486,0.0573471595,-1.58196309
hard-sphere-seed-01,1,158,25.8,0.1,0.0539553628,0.0597122144,-9.64099505
hard-sphere-seed-01,1,159,25.9,0.1,0.0157078557,0.0612978387,-74.37453588
hard-sphere-seed-01,1,160,26,0.1,0.0857960187,0.0600116261,42.96566232
hard-sphere-seed-01,1,161,26.1,0.1,0.0602329156,0.0619963187,-2.84436738
hard-sphere-seed-01,1,162,26.2,0.1,0,0.0633555939,-100
hard-sphere-seed-01,1,163,26.3,0.1,0.0309070232,0.0610752998,-49.39521654
hard-sphere-seed-01,1,164,26.4,0.1,0.1474657562,0.059434916,148.11300531
hard-sphere-seed-01,1,165,26.5,0.1,0.1054251,0.059547907,77.04249467
hard-sphere-seed-01,1,166,26.6,0.1,0.0265053161,0.05740096,-53.82426332
hard-sphere-seed-01,1,167,26.7,0.1,0.0347184888,0.055840639,-37.82576736
hard-sphere-seed-01,1,168,26.8,0.1,0.0441163271,0.0576630215,-23.49286246
hard-sphere-seed-01,1,169,26.9,0.1,0.078003024,0.0574861511,35.69011395
hard-sphere-seed-01,1,170,27,0.1,0.063426841,0.0566229226,12.01619076
hard-sphere-seed-01,1,171,27.1,0.1,0.0652024471,0.0568231546,14.74626431
hard-sphere-seed-01,1,172,27.2,0.1,0.0165965318,0.0565596694,-70.65659689
hard-sphere-seed-01,1,173,27.3,0.1,0.068441994,0.0548799746,24.7121459
hard-sphere-seed-01,1,174,27.4,0.1,0.0608147036,0.056461239,7.71053684
hard-sphere-seed-01,1,175,27.5,0.1,0.0145855868,0.0572575745,-74.52636285
hard-sphere-seed-01,1,176,27.6,0.1,0.1244277804,0.0582919108,113.45634182
hard-sphere-seed-01,1,177,27.7,0.1,0.0163889893,0.0572743533,-71.38511679
hard-sphere-seed-01,1,178,27.8,0.1,0.0239915505,0.0577505099,-58.45655636
hard-sphere-seed-01,1,179,27.9,0.1,0.0782105742,0.0603661362,29.56034479
hard-sphere-seed-01,1,180,28,0.1,0.1064420493,0.0633129943,68.12038436
hard-sphere-seed-01,1,181,28.1,0.1,0.0544095615,0.0642259323,-15.28412356
hard-sphere-seed-01,1,182,28.2,0.1,0.0704212703,0.0623050096,13.02665827
hard-sphere-seed-01,1,183,28.3,0.1,0.1070476467,0.0615488369,73.9231027
hard-sphere-seed-01,1,184,28.4,0.1,0.0616618239,0.0600410661,2.69941541
hard-sphere-seed-01,1,185,28.5,0.1,0.0363166004,0.0570979169,-36.39592766
hard-sphere-seed-01,1,186,28.6,0.1,0.0480526181,0.0563972289,-14.79613619
hard-sphere-seed-01,1,187,28.7,0.1,0.0597929556,0.0565168814,5.79662937
hard-sphere-seed-01,1,188,28.8,0.1,0.0369425446,0.0581821602,-36.5053748
hard-sphere-seed-01,1,189,28.9,0.1,0.0322696485,0.0565109899,-42.89668522
hard-sphere-seed-01,1,190,29,0.1,0.0766214034,0.0573485724,33.6064704
hard-sphere-seed-01,1,191,29.1,0.1,0.0418012209,0.0614203738,-31.94241868
hard-sphere-seed-01,1,192,29.2,0.1,0.0695140223,0.0606734781,14.57068977
hard-sphere-seed-01,1,193,29.3,0.1,0.0259806238,0.0595747417,-56.38986741
hard-sphere-seed-01,1,194,29.4,0.1,0.0852660445,0.0606789896,40.51988178
hard-sphere-seed-01,1,195,29.5,0.1,0.0667870338,0.0614412211,8.7006941
hard-sphere-seed-01,1,196,29.6,0.1,0.0698933024,0.0624076443,11.9947775
hard-sphere-seed-01,1,197,29.7,0.1,0.1364296645,0.0647660472,110.64997863
hard-sphere-seed-01,1,198,29.8,0.1,0.036527534,0.0627258647,-41.76639236
hard-sphere-seed-01,1,199,29.9,0.1,0.0921844317,0.0636388921,44.85549424
hard-sphere-seed-01,1,200,30,0.1,0.0095768171,0.0627161604,-84.72990532
hard-sphere-seed-01,1,201,30.1,0.1,0.0270295037,0.0605092411,-55.32995757
hard-sphere-seed-01,1,202,30.2,0.1,0.0401496369,0.05970785,-32.75651886
hard-sphere-seed-01,1,203,30.3,0.1,0.1097508567,0.0605457813,81.26920557
hard-sphere-seed-01,1,204,30.4,0.1,0.0440027977,0.0607111969,-27.52111638
hard-sphere-seed-01,1,205,30.5,0.1,0.0468462866,0.060379907,-22.41411269
hard-sphere-seed-01,1,206,30.6,0.1,0.111667758,0.0599496287,86.26930714
hard-sphere-seed-01,1,207,30.7,0.1,0.019238919,0.0593309824,-67.57357071
hard-sphere-seed-01,1,208,30.8,0.1,0.0324557746,0.0607036244,-46.53404153
hard-sphere-seed-01,1,209,30.9,0.1,0.0743889916,0.0584161359,27.34322532
hard-sphere-seed-01,1,210,31,0.1,0.0263654134,0.0577740804,-54.36463346
hard-sphere-seed-01,1,211,31.1,0.1,0.1057359032,0.0560008099,88.81138229
hard-sphere-seed-01,1,212,31.2,0.1,0.0371628048,0.0560243033,-33.66663641
hard-sphere-seed-01,1,213,31.3,0.1,0.0266037585,0.0557572795,-52.28648393
hard-sphere-seed-01,1,214,31.4,0.1,0.0687840066,0.0573601359,19.91604537
hard-sphere-seed-01,1,215,31.5,0.1,0.1493871961,0.0584095561,155.75814321
hard-sphere-seed-01,1,216,31.6,0.1,0.0332279461,0.0566955194,-41.392289
hard-sphere-seed-01,1,217,31.7,0.1,0.073751314,0.0562005142,31.22889546
hard-sphere-seed-01,1,218,31.8,0.1,0.053301977,0.0546626145,-2.48915561
hard-sphere-seed-01,1,219,31.9,0.1,0.1056126058,0.054414499,94.08908984
hard-sphere-seed-01,1,220,32,0.1,0.0838135205,0.0552619594,51.66585016
hard-sphere-seed-01,1,221,32.1,0.1,0.0744017839,0.0568188515,30.94559614
hard-sphere-seed-01,1,222,32.2,0.1,0.0968138908,0.0588605878,64.47999307
hard-sphere-seed-01,1,223,32.3,0.1,0.0406178374,0.0594871964,-31.72003404
hard-sphere-seed-01,1,224,32.4,0.1,0.047052933,0.0581970032,-19.14887295
hard-sphere-seed-01,1,225,32.5,0.1,0.0857545258,0.0556730224,54.03245969
hard-sphere-seed-01,1,226,32.6,0.1,0.0319352978,0.0605972775,-47.29912118
hard-sphere-seed-01,1,227,32.7,0.1,0.0701062132,0.0602625074,16.33471005
hard-sphere-seed-01,1,228,32.8,0.1,0.2029728267,0.0596454907,240.29869501
hard-sphere-seed-01,1,229,32.9,0.1,0.0973682277,0.0600669036,62.09962869
hard-sphere-seed-01,1,230,33,0.1,0.0880937623,0.0603624172,45.94140928
hard-sphere-seed-01,1,231,33.1,0.1,0.0390769243,0.0604630122,-35.37053004
hard-sphere-seed-01,1,232,33.2,0.1,0,0.0622768667,-100
hard-sphere-seed-01,1,233,33.3,0.1,0.127936002,0.0627759175,103.79790073
hard-sphere-seed-01,1,234,33.4,0.1,0.034918159,0.0636616495,-45.15040182
hard-sphere-seed-01,1,235,33.5,0.1,0.0231054475,0.0646439991,-64.25739772
hard-sphere-seed-01,1,236,33.6,0.1,0.0441451216,0.064127144,-31.16000669
hard-sphere-seed-01,1,237,33.7,0.1,0.1141320864,0.0636367511,79.34932936
hard-sphere-seed-01,1,238,33.8,0.1,0.0357523307,0.0651375618,-45.11257453
hard-sphere-seed-01,1,239,33.9,0.1,0.0651663602,0.0644248104,1.1510315
hard-sphere-seed-01,1,240,34,0.1,0.0361764109,0.0651171934,-44.44414909
hard-sphere-seed-01,1,241,34.1,0.1,0.1145037077,0.0653735266,75.15302262
hard-sphere-seed-01,1,242,34.2,0.1,0,0.0636036933,-100
hard-sphere-seed-01,1,243,34.3,0.1,0.0789699001,0.0642801842,22.85263493
hard-sphere-seed-01,1,244,34.4,0.1,0.0267392183,0.0618934753,-56.79800145
hard-sphere-seed-01,1,245,34.5,0.1,0.0417799667,0.0617487103,-32.33872171
hard-sphere-seed-01,1,246,34.6,0.1,0.092974037,0.0652998046,42.38026822
hard-sphere-seed-01,1,247,34.7,0.1,0.0521723244,0.0646198985,-19.26275717
hard-sphere-seed-01,1,248,34.8,0.1,0.0270938797,0.0626148923,-56.72933593
hard-sphere-seed-01,1,249,34.9,0.1,0.0765442123,0.0638679794,19.84755587
hard-sphere-seed-01,1,250,35,0.1,0.1155041274,0.0607879508,90.01154988
hard-sphere-seed-01,1,251,35.1,0.1,0.0674589767,0.0614403753,9.79584087
hard-sphere-seed-01,1,252,35.2,0.1,0.0660318702,0.0603102244,9.48702445
hard-sphere-seed-01,1,253,35.3,0.1,0.169142444,0.062704959,169.74332909
hard-sphere-seed-01,1,254,35.4,0.1,0.0624229887,0.0642174579,-2.79436348
hard-sphere-seed-01,1,255,35.5,0.1,0.0631384444,0.0633150628,-0.27895161
hard-sphere-seed-01,1,256,35.6,0.1,0.0695038561,0.0602133823,15.42925089
hard-sphere-seed-01,1,257,35.7,0.1,0.0269078868,0.0615803808,-56.3044488
hard-sphere-seed-01,1,258,35.8,0.1,0.147900863,0.0605973327,144.07157273
hard-sphere-seed-01,1,259,35.9,0.1,0.0298879075,0.0615888514,-51.4718868
hard-sphere-seed-01,1,260,36,0.1,0.1233802808,0.0658894473,87.25347671
hard-sphere-seed-01,1,261,36.1,0.1,0.0247548691,0.065730871,-62.33905197
hard-sphere-seed-01,1,262,36.2,0.1,0.043898065,0.0682876841,-35.71598515
hard-sphere-seed-01,1,263,36.3,0.1,0.0268002105,0.069282505,-61.317492
hard-sphere-seed-01,1,264,36.4,0.1,0.0631489591,0.0683597313,-7.62257565
hard-sphere-seed-01,1,265,36.5,0.1,0.1199554848,0.0675771493,77.50894495
hard-sphere-seed-01,1,266,36.6,0.1,0.019314456,0.066831212,-71.0996473
hard-sphere-seed-01,1,267,36.7,0.1,0.0286156583,0.0655549108,-56.34856652
hard-sphere-seed-01,1,268,36.8,0.1,0.0767036564,0.0667073472,14.98531971
hard-sphere-seed-01,1,269,36.9,0.1,0.0467548939,0.0661259342,-29.29416503
hard-sphere-seed-01,1,270,37,0.1,0.0686904792,0.0640092956,7.31328711
hard-sphere-seed-01,1,271,37.1,0.1,0.0344201491,0.06510122,-47.12825801
hard-sphere-seed-01,1,272,37.2,0.1,0.0929282279,0.0654805997,41.91719116
hard-sphere-seed-01,1,273,37.3,0.1,0.0236394787,0.0636254704,-62.84588777
hard-sphere-seed-01,1,274,37.4,0.1,0.0240077539,0.0626570941,-61.68390154
hard-sphere-seed-01,1,275,37.5,0.1,0.1193606412,0.0614231062,94.32530935
hard-sphere-seed-01,1,276,37.6,0.1,0.0738314489,0.0604946409,22.04626369
hard-sphere-seed-01,1,277,37.7,0.1,0.0797599484,0.063151435,26.29950266
hard-sphere-seed-01,1,278,37.8,0.1,0.0496973708,0.0630681547,-21.20053136
hard-sphere-seed-01,1,279,37.9,0.1,0.0662979246,0.062521216,6.04068317
hard-sphere-seed-01,1,280,38,0.1,0.12895738,0.0620570973,107.80440194
hard-sphere-seed-01,1,281,38.1,0.1,0.0568835261,0.0598219186,-4.9118994
hard-sphere-seed-01,1,282,38.2,0.1,0.1166926315,0.0618690566,88.61226908
hard-sphere-seed-01,1,283,38.3,0.1,0.1743119273,0.0615313391,183.28966991
hard-sphere-seed-01,1,284,38.4,0.1,0.0969887604,0.0603265994,60.77279576
hard-sphere-seed-01,1,285,38.5,0.1,0.176532655,0.0616375126,186.40457337
hard-sphere-seed-01,1,286,38.6,0.1,0.0461578626,0.0614319967,-24.863483
hard-sphere-seed-01,1,287,38.7,0.1,0.0715669281,0.0590431789,21.21117035
hard-sphere-seed-01,1,288,38.8,0.1,0.0342275503,0.058389543,-41.38068474
hard-sphere-seed-01,1,289,38.9,0.1,0.0541558607,0.0589265119,-8.09593349
hard-sphere-seed-01,1,290,39,0.1,0.0875372023,0.0580246288,50.86214954
hard-sphere-seed-01,1,291,39.1,0.1,0,0.059655977,-100
hard-sphere-seed-01,1,292,39.2,0.1,0.1284551834,0.0619450719,107.36949611
hard-sphere-seed-01,1,293,39.3,0.1,0.0719014,0.0603883674,19.06498407
hard-sphere-seed-01,1,294,39.4,0.1,0.0561439196,0.0588252832,-4.55818235
hard-sphere-seed-01,1,295,39.5,0.1,0.0538289915,0.0587757995,-8.4164028
hard-sphere-seed-01,1,296,39.6,0.1,0,0.0554859589,-100
hard-sphere-seed-01,1,297,39.7,0.1,0.0267180429,0.0568116268,-52.97081874
hard-sphere-seed-01,1,298,39.8,0.1,0.0573385445,0.0562421628,1.94939457
hard-sphere-seed-01,1,299,39.9,0.1,0.0402718624,0.056972486,-29.31348944
hard-sphere-seed-01,1,300,40,0.1,0.0808626308,0.0566463482,42.74994476
hard-sphere-seed-01,1,301,40.1,0.1,0.0396627839,0.0551696697,-28.10762845
hard-sphere-seed-01,1,302,40.2,0.1,0.0256397138,0.0568159414,-54.8723243
hard-sphere-seed-01,1,303,40.3,0.1,0,0.0567120098,-100
hard-sphere-seed-01,1,304,40.4,0.1,0.0157068805,0.055536564,-71.71794683
hard-sphere-seed-01,1,305,40.5,0.1,0.0630513999,0.0568511357,10.90613964
hard-sphere-seed-01,1,306,40.6,0.1,0.0454649132,0.0606386978,-25.02326919
hard-sphere-seed-01,1,307,40.7,0.1,0.0115392945,0.0593565704,-80.55936457
hard-sphere-seed-01,1,308,40.8,0.1,0.1327819364,0.0600112131,121.26187667
hard-sphere-seed-01,1,309,40.9,0.1,0.1701043083,0.0606018958,180.69139741
hard-sphere-seed-01,1,310,41,0.1,0.1353711137,0.0609504533,122.10025753
hard-sphere-seed-01,1,311,41.1,0.1,0.0303701631,0.0594533891,-48.91769236
hard-sphere-seed-01,1,312,41.2,0.1,0.0376283144,0.0588550079,-36.06607879
hard-sphere-seed-01,1,313,41.3,0.1,0.1154887302,0.0591934817,95.10379657
hard-sphere-seed-01,1,314,41.4,0.1,0.1312761567,0.058349318,124.98318966
hard-sphere-seed-01,1,315,41.5,0.1,0.0815133197,0.0566497078,43.89009738
hard-sphere-seed-01,1,316,41.6,0.1,0.1133367664,0.0563633145,101.0825079
hard-sphere-seed-01,1,317,41.7,0.1,0.0682415748,0.0572457635,19.20807856
hard-sphere-seed-01,1,318,41.8,0.1,0.108599811,0.060039849,80.87955392
hard-sphere-seed-01,1,319,41.9,0.1,0.0414209412,0.0579303641,-28.49873844
hard-sphere-seed-01,1,320,42,0.1,0.0584320415,0.0598559875,-2.37895338
hard-sphere-seed-01,1,321,42.1,0.1,0.0675795789,0.0613513744,10.15169513
hard-sphere-seed-01,1,322,42.2,0.1,0.0638097572,0.060414919,5.61920515
hard-sphere-seed-01,1,323,42.3,0.1,0.0673104794,0.0602054364,11.80133126
hard-sphere-seed-01,1,324,42.4,0.1,0.0518861005,0.0601123868,-13.68484389
hard-sphere-seed-01,1,325,42.5,0.1,0.0534403284,0.0587678104,-9.06530628
hard-sphere-seed-01,1,326,42.6,0.1,0.0989053996,0.0615633972,60.65617577
hard-sphere-seed-01,1,327,42.7,0.1,0.0654415872,0.0612124565,6.90893814
hard-sphere-seed-01,1,328,42.8,0.1,0.0176751595,0.0628308363,-71.86865471
hard-sphere-seed-01,1,329,42.9,0.1,0.0357207172,0.0629821901,-43.28441546
hard-sphere-seed-01,1,330,43,0.1,0.0752230082,0.0668769073,12.47979491
hard-sphere-seed-01,1,331,43.1,0.1,0.1084769309,0.0645499308,68.05119639
hard-sphere-seed-01,1,332,43.2,0.1,0.0439608769,0.0637015312,-30.98929314
hard-sphere-seed-01,1,333,43.3,0.1,0.0698049462,0.0643755578,8.43392846
hard-sphere-seed-01,1,334,43.4,0.1,0.0154884481,0.063158204,-75.47674394
hard-sphere-seed-01,1,335,43.5,0.1,0.0403804475,0.0647575943,-37.64368809
hard-sphere-seed-01,1,336,43.6,0.1,0.1172980027,0.0631769921,85.66569704
hard-sphere-seed-01,1,337,43.7,0.1,0.1707293857,0.064911392,163.01914115
hard-sphere-seed-01,1,338,43.8,0.1,0.0807204465,0.0656359979,22.98197503
hard-sphere-seed-01,1,339,43.9,0.1,0.0408116671,0.0653511551,-37.55019771
hard-sphere-seed-01,1,340,44,0.1,0.04165861,0.0642801467,-35.19210486
hard-sphere-seed-01,1,341,44.1,0.1,0.0573026795,0.064569935,-11.25485943
hard-sphere-seed-01,1,342,44.2,0.1,0.0190333723,0.0639788418,-70.25052064
hard-sphere-seed-01,1,343,44.3,0.1,0.091814327,0.0631391918,45.41574635
hard-sphere-seed-01,1,344,44.4,0.1,0.0319578915,0.0620285996,-48.47877955
hard-sphere-seed-01,1,345,44.5,0.1,0.0772086771,0.0595343232,29.68767081
hard-sphere-seed-01,1,346,44.6,0.1,0.0781374498,0.0586605472,33.20272933
hard-sphere-seed-01,1,347,44.7,0.1,0.0957818808,0.0580006882,65.13921439
hard-sphere-seed-01,1,348,44.8,0.1,0.077886089,0.0585705208,32.97831064
hard-sphere-seed-01,1,349,44.9,0.1,0.0850338138,0.0561970944,51.31354157
hard-sphere-seed-01,1,350,45,0.1,0.0518638621,0.0513873639,0.92726727
hard-sphere-seed-01,1,351,45.1,0.1,0.0692173695,0.0526588469,31.44490161
hard-sphere-seed-01,1,352,45.2,0.1,0.0386321933,0.0517832604,-25.39636748
hard-sphere-seed-01,1,353,45.3,0.1,0.0857858107,0.0512730305,67.31176207
hard-sphere-seed-01,1,354,45.4,0.1,0.0339301639,0.0523012956,-35.12557681
hard-sphere-seed-01,1,355,45.5,0.1,0.0734164143,0.0534712622,37.30069443
hard-sphere-seed-01,1,356,45.6,0.1,0.0452853249,0.0517122445,-12.42823551
hard-sphere-seed-01,1,357,45.7,0.1,0.0247439349,0.0536468247,-53.87623582
hard-sphere-seed-01,1,358,45.8,0.1,0.0562737177,0.0530574087,6.06194129
hard-sphere-seed-01,1,359,45.9,0.1,0.0877467335,0.0547676984,60.21621506
hard-sphere-seed-01,1,360,46,0.1,0.022073898,0.0528259169,-58.21388579
hard-sphere-seed-01,1,361,46.1,0.1,0.036116688,0.0530602331,-31.93266235
hard-sphere-seed-01,1,362,46.2,0.1,0.0491253514,0.053177415,-7.61989571
hard-sphere-seed-01,1,363,46.3,0.1,0.0507229134,0.0520527819,-2.55484612
hard-sphere-seed-01,1,364,46.4,0.1,0.0754320172,0.0550329727,37.06695003
hard-sphere-seed-01,1,365,46.5,0.1,0.0195710917,0.0563128426,-65.24577563
hard-sphere-seed-01,1,366,46.6,0.1,0.0329774474,0.0558431047,-40.94625006
hard-sphere-seed-01,1,367,46.7,0.1,0.0589310346,0.0544662305,8.19738033
hard-sphere-seed-01,1,368,46.8,0.1,0.0575798625,0.0545295889,5.59379545
hard-sphere-seed-01,1,369,46.9,0.1,0.063607161,0.0555536573,14.49680212
hard-sphere-seed-01,1,370,47,0.1,0.1184888233,0.0566280881,109.24037373
hard-sphere-seed-01,1,371,47.1,0.1,0,0.0533621218,-100
hard-sphere-seed-01,1,372,47.2,0.1,0.0185769184,0.0539499924,-65.56641152
hard-sphere-seed-01,1,373,47.3,0.1,0.0173504147,0.0535407702,-67.59401357
hard-sphere-seed-01,1,374,47.4,0.1,0.0099165369,0.0540343683,-81.64772316
hard-sphere-seed-01,1,375,47.5,0.1,0.0281513199,0.0537568114,-47.63208764
hard-sphere-seed-01,1,376,47.6,0.1,0.0796287651,0.0556600101,43.06279318
hard-sphere-seed-01,1,377,47.7,0.1,0.0288388451,0.0536441316,-46.24044736
hard-sphere-seed-01,1,378,47.8,0.1,0.085456432,0.053704299,59.124006
hard-sphere-seed-01,1,379,47.9,0.1,0.0393594833,0.0535228705,-26.46230867
hard-sphere-seed-01,1,380,48,0.1,0.1068532216,0.0514271122,107.77604838
hard-sphere-seed-01,1,381,48.1,0.1,0.0794983281,0.0511371987,55.46085835
hard-sphere-seed-01,1,382,48.2,0.1,0.0357630042,0.0522128717,-31.50538747
hard-sphere-seed-01,1,383,48.3,0.1,0.0666842578,0.0526544098,26.6451529
hard-sphere-seed-01,1,384,48.4,0.1,0.0334066726,0.053761928,-37.8618405
hard-sphere-seed-01,1,385,48.5,0.1,0.0658671576,0.053401452,23.34338313
hard-sphere-seed-01,1,386,48.6,0.1,0.1161408917,0.0534527274,117.27776537
hard-sphere-seed-01,1,387,48.7,0.1,0.104380298,0.0557992815,87.06387461
hard-sphere-seed-01,1,388,48.8,0.1,0.0959997247,0.0564096088,70.18328409
hard-sphere-seed-01,1,389,48.9,0.1,0.0729119672,0.056531362,28.97613749
hard-sphere-seed-01,1,390,49,0.1,0.0097639849,0.0566607856,-82.76765004
hard-sphere-seed-01,1,391,49.1,0.1,0.0778540981,0.0548258148,42.00262841
hard-sphere-seed-01,1,392,49.2,0.1,0.1548644838,0.0551720699,180.69362631
hard-sphere-seed-01,1,393,49.3,0.1,0,0.0544032694,-100
hard-sphere-seed-01,1,394,49.4,0.1,0.0951042805,0.060568784,57.01863942
hard-sphere-seed-01,1,395,49.5,0.1,0.0075240313,0.0575371085,-86.92316749
hard-sphere-seed-01,1,396,49.6,0.1,0.0870745414,0.057416143,51.65515627
hard-sphere-seed-01,1,397,49.7,0.1,0.0492622995,0.0590078085,-16.51562606
hard-sphere-seed-01,1,398,49.8,0.1,0.0580287153,0.057010255,1.78645116
hard-sphere-seed-01,1,399,49.9,0.1,0.055047356,0.0553453357,-0.53840073
hard-sphere-seed-01,1,400,50,0.1,0.1279272566,0.0552463869,131.55768882
hard-sphere-seed-01,1,401,50.1,0.1,0.0237257592,0.0573974503,-58.66408865
hard-sphere-seed-01,1,402,50.2,0.1,0.1012477096,0.05827317,73.74669952
hard-sphere-seed-01,1,403,50.3,0.1,0.1797456372,0.0582432231,208.61210539
hard-sphere-seed-01,1,404,50.4,0.1,0.0620910991,0.056210149,10.46243456
hard-sphere-seed-01,1,405,50.5,0.1,0.1002596973,0.0554071068,80.95097026
hard-sphere-seed-01,1,406,50.6,0.1,0.0662435134,0.0554119544,19.54733267
hard-sphere-seed-01,1,407,50.7,0.1,0.0081141111,0.0552410817,-85.31145508
hard-sphere-seed-01,1,408,50.8,0.1,0.0181660924,0.054058392,-66.39542584
hard-sphere-seed-01,1,409,50.9,0.1,0.056801108,0.0539320886,5.31968886
hard-sphere-seed-01,1,410,51,0.1,0.0678442431,0.0550094144,23.33205834
hard-sphere-seed-01,1,411,51.1,0.1,0.1038458214,0.05842843,77.73166479
hard-sphere-seed-01,1,412,51.2,0.1,0.024867919,0.059493847,-58.20085568
hard-sphere-seed-01,1,413,51.3,0.1,0.0555994649,0.059631074,-6.76091984
hard-sphere-seed-01,1,414,51.4,0.1,0.1338564418,0.0617824622,116.65766803
hard-sphere-seed-01,1,415,51.5,0.1,0.0769976017,0.0618202145,24.55084857
hard-sphere-seed-01,1,416,51.6,0.1,0.0939968301,0.060346034,55.76306143
hard-sphere-seed-01,1,417,51.7,0.1,0.133691317,0.0624220201,114.17332662
hard-sphere-seed-01,1,418,51.8,0.1,0.0963148101,0.0592662863,62.51197113
hard-sphere-seed-01,1,419,51.9,0.1,0.1257879703,0.0574231088,119.05461568
hard-sphere-seed-01,1,420,52,0.1,0.0250335895,0.0583226693,-57.07742831
hard-sphere-seed-01,1,421,52.1,0.1,0.0067296712,0.0544543539,-87.64162872
hard-sphere-seed-01,1,422,52.2,0.1,0.006632351,0.053502747,-87.60371879
hard-sphere-seed-01,1,423,52.3,0.1,0.0361945351,0.052812722,-31.46625719
hard-sphere-seed-01,1,424,52.4,0.1,0.0647743038,0.0544081877,19.05249308
hard-sphere-seed-01,1,425,52.5,0.1,0.0447944717,0.0578774889,-22.60467323
hard-sphere-seed-01,1,426,52.6,0.1,0.054548471,0.0579794522,-5.91758126
hard-sphere-seed-01,1,427,52.7,0.1,0.0493971245,0.058529751,-15.60339197
hard-sphere-seed-01,1,428,52.8,0.1,0.0419012086,0.0582482811,-28.06447201
hard-sphere-seed-01,1,429,52.9,0.1,0.0531224603,0.0571612529,-7.06561238
hard-sphere-seed-01,1,430,53,0.1,0.0382372646,0.0596399303,-35.88647009
hard-sphere-seed-01,1,431,53.1,0.1,0.0416077683,0.0559644663,-25.65323844
hard-sphere-seed-01,1,432,53.2,0.1,0.0852849096,0.0539957728,57.94738213
hard-sphere-seed-01,1,433,53.3,0.1,0.0433127936,0.0560530944,-22.72898735
hard-sphere-seed-01,1,434,53.4,0.1,0.0438237395,0.0568011746,-22.8471246
hard-sphere-seed-01,1,435,53.5,0.1,0.0906152117,0.0563170131,60.90201999
hard-sphere-seed-01,1,436,53.6,0.1,0.0700640705,0.0572497722,22.38314272
hard-sphere-seed-01,1,437,53.7,0.1,0.0917181254,0.0559903542,63.8105826
hard-sphere-seed-01,1,438,53.8,0.1,0.0459693715,0.0574528813,-19.98770041
hard-sphere-seed-01,1,439,53.9,0.1,0.0636664056,0.0586741117,8.50851207
hard-sphere-seed-01,1,440,54,0.1,0,0.0599478506,-100
hard-sphere-seed-01,1,441,54.1,0.1,0.0515912357,0.060965284,-15.37604316
hard-sphere-seed-01,1,442,54.2,0.1,0.0952914375,0.0605609545,57.34797817
hard-sphere-seed-01,1,443,54.3,0.1,0.1022560225,0.062736969,62.99165236
hard-sphere-seed-01,1,444,54.4,0.1,0.1259636926,0.0659472338,91.00678737
hard-sphere-seed-01,1,445,54.5,0.1,0.1161762113,0.0651210819,78.40030891
hard-sphere-seed-01,1,446,54.6,0.1,0.1300750198,0.0642617803,102.41427991
hard-sphere-seed-01,1,447,54.7,0.1,0.056337923,0.0658833632,-14.48839243
hard-sphere-seed-01,1,448,54.8,0.1,0.0070590818,0.0639760997,-88.96606422
hard-sphere-seed-01,1,449,54.9,0.1,0.1427760702,0.0653570591,118.45546953
hard-sphere-seed-01,1,450,55,0.1,0.111258489,0.0649514618,71.29481906
hard-sphere-seed-01,1,451,55.1,0.1,0.0524880446,0.0646475731,-18.80894806
hard-sphere-seed-01,1,452,55.2,0.1,0.1109007185,0.0647983674,71.14739621
hard-sphere-seed-01,1,453,55.3,0.1,0.0816651309,0.0634198083,28.76912285
hard-sphere-seed-01,1,454,55.4,0.1,0.0831907885,0.0626111605,32.86894515
hard-sphere-seed-01,1,455,55.5,0.1,0.0753217688,0.0613493624,22.77514515
hard-sphere-seed-01,1,456,55.6,0.1,0,0.0592714677,-100
hard-sphere-seed-01,1,457,55.7,0.1,0.0516707751,0.0573314838,-9.87364764
hard-sphere-seed-01,1,458,55.8,0.1,0.0865413585,0.0577506963,49.85335947
hard-sphere-seed-01,1,459,55.9,0.1,0.0332651686,0.0583649555,-43.0048934
hard-sphere-seed-01,1,460,56,0.1,0.026378409,0.0593836211,-55.5796557
hard-sphere-seed-01,1,461,56.1,0.1,0.0703884482,0.0610262693,15.34122765
hard-sphere-seed-01,1,462,56.2,0.1,0.0396296912,0.061574537,-35.63948163
hard-sphere-seed-01,1,463,56.3,0.1,0.071461293,0.0595955731,19.91040486
hard-sphere-seed-01,1,464,56.4,0.1,0.0299049575,0.06018824,-50.31428478
hard-sphere-seed-01,1,465,56.5,0.1,0.1008211984,0.0586681782,71.84988768
hard-sphere-seed-01,1,466,56.6,0.1,0.1276169792,0.0610373013,109.08031059
hard-sphere-seed-01,1,467,56.7,0.1,0.0467938994,0.0586330179,-20.19189685
hard-sphere-seed-01,1,468,56.8,0.1,0.0260321082,0.0617315923,-57.83016888
hard-sphere-seed-01,1,469,56.9,0.1,0.0181221223,0.059845895,-69.71868778
hard-sphere-seed-01,1,470,57,0.1,0.0288646448,0.062736175,-53.99042925
hard-sphere-seed-01,1,471,57.1,0.1,0.0347834957,0.0637498021,-45.43748447
hard-sphere-seed-01,1,472,57.2,0.1,0.0546181642,0.0620461705,-11.97174024
hard-sphere-seed-01,1,473,57.3,0.1,0.2277726899,0.0622601096,265.84048959
hard-sphere-seed-01,1,474,57.4,0.1,0.2240034504,0.064586181,246.82875954
hard-sphere-seed-01,1,475,57.5,0.1,0.0283797237,0.0622637893,-54.42017905
hard-sphere-seed-01,1,476,57.6,0.1,0.0864831367,0.0623715548,38.65797802
hard-sphere-seed-01,1,477,57.7,0.1,0.0543413513,0.060468177,-10.13231414
hard-sphere-seed-01,1,478,57.8,0.1,0.0138779329,0.0600777886,-76.90006042
hard-sphere-seed-01,1,479,57.9,0.1,0.0855419965,0.0606600416,41.01869075
hard-sphere-seed-01,1,480,58,0.1,0.1007710711,0.0609122019,65.43659224
hard-sphere-seed-01,1,481,58.1,0.1,0.0202722273,0.0612872708,-66.92261366
hard-sphere-seed-01,1,482,58.2,0.1,0.1460605665,0.0620274364,135.47735503
hard-sphere-seed-01,1,483,58.3,0.1,0.1079977458,0.0648295161,66.58730822
hard-sphere-seed-01,1,484,58.4,0.1,0.1652334017,0.0627750777,163.21496953
hard-sphere-seed-01,1,485,58.5,0.1,0.0144105503,0.0618438701,-76.6984986
hard-sphere-seed-01,1,486,58.6,0.1,0.1003498617,0.0636215781,57.72928735
hard-sphere-seed-01,1,487,58.7,0.1,0.0412696233,0.0663315963,-37.78285814
hard-sphere-seed-01,1,488,58.8,0.1,0.0454888484,0.0681906173,-33.29163128
hard-sphere-seed-01,1,489,58.9,0.1,0.0698187176,0.0718720201,-2.85688718
hard-sphere-seed-01,1,490,59,0.1,0.0474667412,0.0673774577,-29.551006
hard-sphere-seed-01,1,491,59.1,0.1,0.0635651898,0.0645165912,-1.47466164
hard-sphere-seed-01,1,492,59.2,0.1,0.0799692009,0.0673684857,18.70416862
hard-sphere-seed-01,1,493,59.3,0.1,0.0334133574,0.0679985755,-50.86168034
hard-sphere-seed-01,1,494,59.4,0.1,0.0784909913,0.0678099955,15.75135902
hard-sphere-seed-01,1,495,59.5,0.1,0.089269409,0.0676644786,31.92950096
hard-sphere-seed-01,1,496,59.6,0.1,0.0568045531,0.0694981731,-18.26468152
hard-sphere-seed-01,1,497,59.7,0.1,0.0421008685,0.0684800015,-38.52092931
hard-sphere-seed-01,1,498,59.8,0.1,0.0787749246,0.0669632029,17.63912294
hard-sphere-seed-01,1,499,59.9,0.1,0.0868314181,0.0676708726,28.31431705
hard-sphere-seed-01,1,500,60,0.1,0.0681501328,0.067846993,0.44679921
hard-sphere-seed-01,1,501,60.1,0.1,0.1108020178,0.0666368218,66.27746471
hard-sphere-seed-01,1,502,60.2,0.1,0.0636510121,0.0655172198,-2.84842316
hard-sphere-seed-01,1,503,60.3,0.1,0.0972303426,0.062959525,54.43309421
hard-sphere-seed-01,1,504,60.4,0.1,0.078681577,0.0617907005,27.33562873
hard-sphere-seed-01,1,505,60.5,0.1,0.0648360923,0.0646616159,0.26983004
hard-sphere-seed-01,1,506,60.6,0.1,0.1024269432,0.0621483288,64.8104545
hard-sphere-seed-01,1,507,60.7,0.1,0.0391922084,0.0627635749,-37.55580611
hard-sphere-seed-01,1,508,60.8,0.1,0.1749265296,0.0641381233,172.73409439
hard-sphere-seed-01,1,509,60.9,0.1,0.0193271293,0.0648215314,-70.18409027
hard-sphere-seed-01,1,510,61,0.1,0.0798016457,0.0638075371,25.06617458
hard-sphere-seed-01,1,511,61.1,0.1,0.0633456905,0.0628823801,0.73678883
hard-sphere-seed-01,1,512,61.2,0.1,0.11395021,0.0620165339,83.74166188
hard-sphere-seed-01,1,513,61.3,0.1,0.0263875006,0.0612983129,-56.95232157
hard-sphere-seed-01,1,514,61.4,0.1,0.065000437,0.0621509453,4.5847922
hard-sphere-seed-01,1,515,61.5,0.1,0.0549762647,0.0593828348,-7.42061258
hard-sphere-seed-01,1,516,61.6,0.1,0.1068315517,0.0587102588,81.96402771
hard-sphere-seed-01,1,517,61.7,0.1,0.0701684242,0.0591437217,18.64052873
hard-sphere-seed-01,1,518,61.8,0.1,0.0051082022,0.0607067434,-91.5854452
hard-sphere-seed-01,1,519,61.9,0.1,0.0400531229,0.0599229742,-33.1589871
hard-sphere-seed-01,1,520,62,0.1,0.0995969683,0.0604925237,64.64343397
hard-sphere-seed-01,1,521,62.1,0.1,0.0854424301,0.0600979182,42.17202981
hard-sphere-seed-01,1,522,62.2,0.1,0.1521865988,0.0586558032,159.4570198
hard-sphere-seed-01,1,523,62.3,0.1,0.0433459605,0.0591815009,-26.75758496
hard-sphere-seed-01,1,524,62.4,0.1,0.0630175376,0.0606124145,3.9680372
hard-sphere-seed-01,1,525,62.5,0.1,0.0885705936,0.0631848603,40.17692393
hard-sphere-seed-01,1,526,62.6,0.1,0.0274370984,0.0638692799,-57.04179157
hard-sphere-seed-01,1,527,62.7,0.1,0,0.0623411006,-100
hard-sphere-seed-01,1,528,62.8,0.1,0.0751214726,0.0617975798,21.56054143
hard-sphere-seed-01,1,529,62.9,0.1,0.0268318301,0.0615377984,-56.39780617
hard-sphere-seed-01,1,530,63,0.1,0.1148912046,0.061497278,86.82323565
hard-sphere-seed-01,1,531,63.1,0.1,0.1515211337,0.0641963761,136.02755015
hard-sphere-seed-01,1,532,63.2,0.1,0.0525672562,0.0659944601,-20.34595608
hard-sphere-seed-01,1,533,63.3,0.1,0.1178506475,0.0655762701,79.71538687
hard-sphere-seed-01,1,534,63.4,0.1,0.009148509,0.064904351,-85.90462912
hard-sphere-seed-01,1,535,63.5,0.1,0.0528838559,0.06331602,-16.47634217
hard-sphere-seed-01,1,536,63.6,0.1,0.077404414,0.0619662754,24.91377527
hard-sphere-seed-01,1,537,63.7,0.1,0.0402900895,0.0610940513,-34.05235275
hard-sphere-seed-01,1,538,63.8,0.1,0.0675918369,0.0625758823,8.01579518
hard-sphere-seed-01,1,539,63.9,0.1,0.0652263967,0.062658179,4.09877484
hard-sphere-seed-01,1,540,64,0.1,0.1053017301,0.0611615937,72.16969638
hard-sphere-seed-01,1,541,64.1,0.1,0.0760941002,0.0617999816,23.12964864
hard-sphere-seed-01,1,542,64.2,0.1,0.1471884764,0.0595433019,147.19569066
hard-sphere-seed-01,1,543,64.3,0.1,0.0657335703,0.0612387552,7.33982103
hard-sphere-seed-01,1,544,64.4,0.1,0.0416547069,0.0598497884,-30.40124611
hard-sphere-seed-01,1,545,64.5,0.1,0.0750439636,0.059741103,25.61529636
hard-sphere-seed-01,1,546,64.6,0.1,0.0603925135,0.0615804801,-1.92912857
hard-sphere-seed-01,1,547,64.7,0.1,0.038768168,0.0625794561,-38.04968854
hard-sphere-seed-01,1,548,64.8,0.1,0.0589942297,0.0647063258,-8.82772429
hard-sphere-seed-01,1,549,64.9,0.1,0.0985896874,0.0649138876,51.87765075
hard-sphere-seed-01,1,550,65,0.1,0.0197474066,0.0652817145,-69.75047804
hard-sphere-seed-01,1,551,65.1,0.1,0.1192767322,0.0665262746,79.29266725
hard-sphere-seed-01,1,552,65.2,0.1,0.0313442062,0.0653383852,-52.0278835
hard-sphere-seed-01,1,553,65.3,0.1,0.0456106256,0.0667125527,-31.63111919
hard-sphere-seed-01,1,554,65.4,0.1,0.0645707553,0.0669068366,-3.49154351
hard-sphere-seed-01,1,555,65.5,0.1,0.0093951266,0.0669133423,-85.95926273
hard-sphere-seed-01,1,556,65.6,0.1,0.0630078715,0.0654571977,-3.74187449
hard-sphere-seed-01,1,557,65.7,0.1,0.0815021846,0.0631817281,28.99644731
hard-sphere-seed-01,1,558,65.8,0.1,0.091670809,0.0629039701,45.7313565
hard-sphere-seed-01,1,559,65.9,0.1,0.0408990642,0.0630422168,-35.12432428
hard-sphere-seed-01,1,560,66,0.1,0.0904528947,0.0625583084,44.58973869
hard-sphere-seed-01,1,561,66.1,0.1,0.0827929787,0.0632262171,30.94722811
hard-sphere-seed-01,1,562,66.2,0.1,0.0999785755,0.0623724431,60.29286411
hard-sphere-seed-01,1,563,66.3,0.1,0.0368658904,0.0612867833,-39.84691571
hard-sphere-seed-01,1,564,66.4,0.1,0.0796573024,0.0601145124,32.50927138
hard-sphere-seed-01,1,565,66.5,0.1,0.034396127,0.0595665156,-42.25593585
hard-sphere-seed-01,1,566,66.6,0.1,0.0943412786,0.0613071337,53.88303591
hard-sphere-seed-01,1,567,66.7,0.1,0.0133634789,0.0593620198,-77.48816684
hard-sphere-seed-01,1,568,66.8,0.1,0.0249745005,0.0607021491,-58.85730425
hard-sphere-seed-01,1,569,66.9,0.1,0.0085840451,0.0611312459,-85.95800723
hard-sphere-seed-01,1,570,67,0.1,0.038047702,0.0614388067,-38.07219889
hard-sphere-seed-01,1,571,67.1,0.1,0.0845895938,0.0610800277,38.48977656
hard-sphere-seed-01,1,572,67.2,0.1,0.0074709925,0.0572514999,-86.9505734
hard-sphere-seed-01,1,573,67.3,0.1,0.0843584377,0.0576181794,46.40941208
hard-sphere-seed-01,1,574,67.4,0.1,0.0303180655,0.0582044652,-47.91110031
hard-sphere-seed-01,1,575,67.5,0.1,0.1566841874,0.0584226795,168.19069012
hard-sphere-seed-01,1,576,67.6,0.1,0.0794131986,0.0557038388,42.56324219
hard-sphere-seed-01,1,577,67.7,0.1,0,0.0561418326,-100
hard-sphere-seed-01,1,578,67.8,0.1,0.0129511774,0.055335536,-76.5951893
hard-sphere-seed-01,1,579,67.9,0.1,0.1197334807,0.0541638684,121.05784606
hard-sphere-seed-01,1,580,68,0.1,0.089844024,0.0551480084,62.91435823
hard-sphere-seed-01,1,581,68.1,0.1,0.0375524608,0.056041931,-32.99220754
hard-sphere-seed-01,1,582,68.2,0.1,0.0264427909,0.058852914,-55.06969991
hard-sphere-seed-01,1,583,68.3,0.1,0.0543209031,0.0572833333,-5.17153947
hard-sphere-seed-01,1,584,68.4,0.1,0.0441083558,0.0562063514,-21.52425004
hard-sphere-seed-01,1,585,68.5,0.1,0.0332614265,0.0554078714,-39.96985334
hard-sphere-seed-01,1,586,68.6,0.1,0.016044033,0.0554868513,-71.08498214
hard-sphere-seed-01,1,587,68.7,0.1,0.0625528515,0.05646212,10.78728805
hard-sphere-seed-01,1,588,68.8,0.1,0.145643269,0.0579291307,151.41628609
hard-sphere-seed-01,1,589,68.9,0.1,0.1074916477,0.0586196533,83.3713466
hard-sphere-seed-01,1,590,69,0.1,0.0700937506,0.0579990449,20.85328416
hard-sphere-seed-01,1,591,69.1,0.1,0.0184543541,0.0593411109,-68.90123243
hard-sphere-seed-01,1,592,69.2,0.1,0.0764415302,0.0595025765,28.46759705
hard-sphere-seed-01,1,593,69.3,0.1,0.0283294286,0.0579085868,-51.07905382
hard-sphere-seed-01,1,594,69.4,0.1,0.0853003287,0.0562759412,51.57512591
hard-sphere-seed-01,1,595,69.5,0.1,0.0479434094,0.0563640742,-14.93977315
hard-sphere-seed-01,1,596,69.6,0.1,0.0220690807,0.0567614997,-61.11963063
hard-sphere-seed-01,1,597,69.7,0.1,0.0612228656,0.0557153181,9.88515854
hard-sphere-seed-01,1,598,69.8,0.1,0.0045968334,0.0546585196,-91.58990513
hard-sphere-seed-01,1,599,69.9,0.1,0.0137754812,0.0543650743,-74.66115632
hard-sphere-seed-01,1,600,70,0.1,0.0323881542,0.0548992812,-41.00441119
hard-sphere-seed-02,2,1,10.1,0.1,0.0174416165,0.0601848851,-71.01993887
hard-sphere-seed-02,2,2,10.2,0.1,0.0701326664,0.0607873154,15.37385047
hard-sphere-seed-02,2,3,10.3,0.1,0.0801758123,0.0604339082,32.66693258
hard-sphere-seed-02,2,4,10.4,0.1,0.0946737529,0.0597600157,58.42323973
hard-sphere-seed-02,2,5,10.5,0.1,0.1715852586,0.0578758588,196.47120949
hard-sphere-seed-02,2,6,10.6,0.1,0.084762629,0.0546149204,55.20049907
hard-sphere-seed-02,2,7,10.7,0.1,0.0637358536,0.0559899568,13.83443978
hard-sphere-seed-02,2,8,10.8,0.1,0.0562757634,0.0573171515,-1.81688739
hard-sphere-seed-02,2,9,10.9,0.1,0.0841984919,0.0557278817,51.08862796
hard-sphere-seed-02,2,10,11,0.1,0.0298390509,0.0569371745,-47.59302482
hard-sphere-seed-02,2,11,11.1,0.1,0.0723165879,0.0571012783,26.6461803
hard-sphere-seed-02,2,12,11.2,0.1,0.036878614,0.0573630698,-35.71018053
hard-sphere-seed-02,2,13,11.3,0.1,0.0202232351,0.0570620135,-64.55919813
hard-sphere-seed-02,2,14,11.4,0.1,0.0774974533,0.0547086028,41.65496698
hard-sphere-seed-02,2,15,11.5,0.1,0.0539021997,0.0557354702,-3.28923487
hard-sphere-seed-02,2,16,11.6,0.1,0.0176166806,0.0566774298,-68.9176439
hard-sphere-seed-02,2,17,11.7,0.1,0.0486816222,0.0603810921,-19.37604891
hard-sphere-seed-02,2,18,11.8,0.1,0.0669726487,0.058839511,13.82257862
hard-sphere-seed-02,2,19,11.9,0.1,0.0385849227,0.0614084654,-37.16676939
hard-sphere-seed-02,2,20,12,0.1,0.0875313019,0.0597861452,46.40733491
hard-sphere-seed-02,2,21,12.1,0.1,0.1043769585,0.0600915316,73.69661877
hard-sphere-seed-02,2,22,12.2,0.1,0.0481916587,0.0604172631,-20.23528338
hard-sphere-seed-02,2,23,12.3,0.1,0.0260852043,0.0603873391,-56.80352087
hard-sphere-seed-02,2,24,12.4,0.1,0.0685773342,0.059660623,14.94572254
hard-sphere-seed-02,2,25,12.5,0.1,0.0605525803,0.0611384811,-0.95831756
hard-sphere-seed-02,2,26,12.6,0.1,0.0258239499,0.0647490926,-60.11689297
hard-sphere-seed-02,2,27,12.7,0.1,0,0.0635738962,-100
hard-sphere-seed-02,2,28,12.8,0.1,0.0574452313,0.0644053217,-10.8067008
hard-sphere-seed-02,2,29,12.9,0.1,0.0905307915,0.0639062076,41.66196817
hard-sphere-seed-02,2,30,13,0.1,0,0.0646268123,-100
hard-sphere-seed-02,2,31,13.1,0.1,0.0628115854,0.0607782235,3.34554361
hard-sphere-seed-02,2,32,13.2,0.1,0.1233238404,0.059608284,106.89043902
hard-sphere-seed-02,2,33,13.3,0.1,0.119110991,0.0592161639,101.14607743
hard-sphere-seed-02,2,34,13.4,0.1,0.0518916873,0.0620633249,-16.38912774
hard-sphere-seed-02,2,35,13.5,0.1,0.0481588272,0.060949545,-20.98574771
hard-sphere-seed-02,2,36,13.6,0.1,0.0789030909,0.0592758331,33.11173683
hard-sphere-seed-02,2,37,13.7,0.1,0.0996717598,0.0610519612,63.25726123
hard-sphere-seed-02,2,38,13.8,0.1,0.0333240684,0.0581221865,-42.66549411
hard-sphere-seed-02,2,39,13.9,0.1,0.0675846141,0.0596401382,13.3206867
hard-sphere-seed-02,2,40,14,0.1,0.0561340564,0.0594317949,-5.54877821
hard-sphere-seed-02,2,41,14.1,0.1,0.0980102402,0.0592592146,65.392405
hard-sphere-seed-02,2,42,14.2,0.1,0.0751452731,0.0634046581,18.51695961
hard-sphere-seed-02,2,43,14.3,0.1,0.1167699545,0.0641005826,82.16675989
hard-sphere-seed-02,2,44,14.4,0.1,0.0499052578,0.0632643235,-21.11627044
hard-sphere-seed-02,2,45,14.5,0.1,0.071299525,0.0624248828,14.21651399
hard-sphere-seed-02,2,46,14.6,0.1,0.0792677904,0.0646154344,22.67624771
hard-sphere-seed-02,2,47,14.7,0.1,0.0999571164,0.0660047719,51.43922699
hard-sphere-seed-02,2,48,14.8,0.1,0.0935609835,0.0636863362,46.90903746
hard-sphere-seed-02,2,49,14.9,0.1,0.0391878374,0.0632587031,-38.05146883
hard-sphere-seed-02,2,50,15,0.1,0.121337057,0.0604784302,100.62864816
hard-sphere-seed-02,2,51,15.1,0.1,0.0924539421,0.0602500901,53.45029686
hard-sphere-seed-02,2,52,15.2,0.1,0.1382557119,0.0613957003,125.18793867
hard-sphere-seed-02,2,53,15.3,0.1,0.0168449923,0.0622718738,-72.94927664
hard-sphere-seed-02,2,54,15.4,0.1,0.0494760705,0.0629875493,-21.45103114
hard-sphere-seed-02,2,55,15.5,0.1,0.1319972953,0.0628291492,110.08926092
hard-sphere-seed-02,2,56,15.6,0.1,0.0948713365,0.0601225725,57.79653559
hard-sphere-seed-02,2,57,15.7,0.1,0.0478821476,0.0586728406,-18.39129137
hard-sphere-seed-02,2,58,15.8,0.1,0.1129132027,0.0607679134,85.81056391
hard-sphere-seed-02,2,59,15.9,0.1,0.069720495,0.0641963418,8.60509035
hard-sphere-seed-02,2,60,16,0.1,0.0670284863,0.0655351034,2.27875259
hard-sphere-seed-02,2,61,16.1,0.1,0.1402150619,0.0642525164,118.22501236
hard-sphere-seed-02,2,62,16.2,0.1,0.0656652186,0.0637998195,2.9238312
hard-sphere-seed-02,2,63,16.3,0.1,0.050639337,0.0611563393,-17.19691287
hard-sphere-seed-02,2,64,16.4,0.1,0.1003218845,0.0601819024,66.69776205
hard-sphere-seed-02,2,65,16.5,0.1,0.131851969,0.0586132483,124.95250263
hard-sphere-seed-02,2,66,16.6,0.1,0.0695470402,0.0605384326,14.8808074
hard-sphere-seed-02,2,67,16.7,0.1,0.0119569125,0.0608475394,-80.34939022
hard-sphere-seed-02,2,68,16.8,0.1,0.0605130389,0.063939014,-5.35819183
hard-sphere-seed-02,2,69,16.9,0.1,0.0738928152,0.0607515883,21.63108365
hard-sphere-seed-02,2,70,17,0.1,0.0431131719,0.0599713848,-28.11042785
hard-sphere-seed-02,2,71,17.1,0.1,0.0690752246,0.0602079157,14.72781237
hard-sphere-seed-02,2,72,17.2,0.1,0.046504057,0.061653498,-24.57190827
hard-sphere-seed-02,2,73,17.3,0.1,0.0951316023,0.0613992003,54.93948108
hard-sphere-seed-02,2,74,17.4,0.1,0.0889207054,0.0592148223,50.16629611
hard-sphere-seed-02,2,75,17.5,0.1,0.0670996344,0.0567754385,18.18426439
hard-sphere-seed-02,2,76,17.6,0.1,0.0193498655,0.0560079257,-65.45155835
hard-sphere-seed-02,2,77,17.7,0.1,0.1131411895,0.0557594939,102.90928334
hard-sphere-seed-02,2,78,17.8,0.1,0.0407135712,0.0561234942,-27.45716963
hard-sphere-seed-02,2,79,17.9,0.1,0.0498716125,0.0540210949,-7.68122597
hard-sphere-seed-02,2,80,18,0.1,0.0265493537,0.0543416902,-51.14367319
hard-sphere-seed-02,2,81,18.1,0.1,0.0229482553,0.0567406529,-59.55588428
hard-sphere-seed-02,2,82,18.2,0.1,0.0279953708,0.0569089091,-50.80669935
hard-sphere-seed-02,2,83,18.3,0.1,0.1527349865,0.0566593985,169.56690426
hard-sphere-seed-02,2,84,18.4,0.1,0.0726245058,0.056610206,28.28871488
hard-sphere-seed-02,2,85,18.5,0.1,0.0472048807,0.0572064634,-17.48330879
hard-sphere-seed-02,2,86,18.6,0.1,0.0344849703,0.0560995453,-38.52896647
hard-sphere-seed-02,2,87,18.7,0.1,0,0.0561608721,-100
hard-sphere-seed-02,2,88,18.8,0.1,0.0468599054,0.0558137055,-16.04229645
hard-sphere-seed-02,2,89,18.9,0.1,0.1045159066,0.0594416775,75.82933555
hard-sphere-seed-02,2,90,19,0.1,0.0382509848,0.0600462519,-36.29746473
hard-sphere-seed-02,2,91,19.1,0.1,0.1253809645,0.0613306298,104.43449684
hard-sphere-seed-02,2,92,19.2,0.1,0.0247109522,0.0608155823,-59.36740011
hard-sphere-seed-02,2,93,19.3,0.1,0.0109943882,0.0569317043,-80.68846116
hard-sphere-seed-02,2,94,19.4,0.1,0.1426114044,0.057477603,148.11647839
hard-sphere-seed-02,2,95,19.5,0.1,0.0211774803,0.0560584783,-62.22252017
hard-sphere-seed-02,2,96,19.6,0.1,0.0630079921,0.0560487543,12.4164006
hard-sphere-seed-02,2,97,19.7,0.1,0.0235915216,0.0547398047,-56.90243747
hard-sphere-seed-02,2,98,19.8,0.1,0.0334030089,0.056967112,-41.36439842
hard-sphere-seed-02,2,99,19.9,0.1,0.076221014,0.0589563536,29.28379947
hard-sphere-seed-02,2,100,20,0.1,0.0204135223,0.0591275155,-65.47542688
hard-sphere-seed-02,2,101,20.1,0.1,0.0268058385,0.0579244691,-53.7227722
hard-sphere-seed-02,2,102,20.2,0.1,0.0644245883,0.0570416802,12.94300601
hard-sphere-seed-02,2,103,20.3,0.1,0.0474541036,0.0582309389,-18.50706087
hard-sphere-seed-02,2,104,20.4,0.1,0.0428295038,0.058261067,-26.48692171
hard-sphere-seed-02,2,105,20.5,0.1,0.0073275116,0.0564797311,-87.02629874
hard-sphere-seed-02,2,106,20.6,0.1,0.0665623584,0.0575903287,15.57905624
hard-sphere-seed-02,2,107,20.7,0.1,0.0542265149,0.0596075325,-9.02741206
hard-sphere-seed-02,2,108,20.8,0.1,0.0729940388,0.0599441446,21.77009002
hard-sphere-seed-02,2,109,20.9,0.1,0.0081344786,0.0628012545,-87.04726735
hard-sphere-seed-02,2,110,21,0.1,0.1050314754,0.0615528346,70.63629322
hard-sphere-seed-02,2,111,21.1,0.1,0.097576039,0.0607320794,60.66638918
hard-sphere-seed-02,2,112,21.2,0.1,0.1222175937,0.0610712729,100.12288564
hard-sphere-seed-02,2,113,21.3,0.1,0.1093374527,0.0632266149,72.92947423
hard-sphere-seed-02,2,114,21.4,0.1,0.0209124174,0.060375061,-65.36249055
hard-sphere-seed-02,2,115,21.5,0.1,0,0.0612495619,-100
hard-sphere-seed-02,2,116,21.6,0.1,0.0589734629,0.0614064255,-3.96206512
hard-sphere-seed-02,2,117,21.7,0.1,0.0869299009,0.0616286688,41.05432181
hard-sphere-seed-02,2,118,21.8,0.1,0.0200608346,0.0609842826,-67.10491012
hard-sphere-seed-02,2,119,21.9,0.1,0.0940878746,0.0602766265,56.09346452
hard-sphere-seed-02,2,120,22,0.1,0.1232599729,0.0612823583,101.1345131
hard-sphere-seed-02,2,121,22.1,0.1,0.0660001407,0.0600252051,9.95404446
hard-sphere-seed-02,2,122,22.2,0.1,0.0799488772,0.057330712,39.45209188
hard-sphere-seed-02,2,123,22.3,0.1,0.0521181331,0.0613179788,-15.00350451
hard-sphere-seed-02,2,124,22.4,0.1,0.0685373589,0.0610313768,12.29856265
hard-sphere-seed-02,2,125,22.5,0.1,0.0881460335,0.0626589157,40.67596364
hard-sphere-seed-02,2,126,22.6,0.1,0.0472894679,0.0638767816,-25.96767279
hard-sphere-seed-02,2,127,22.7,0.1,0,0.0627482375,-100
hard-sphere-seed-02,2,128,22.8,0.1,0.0377809578,0.0639234129,-40.89652578
hard-sphere-seed-02,2,129,22.9,0.1,0.0294552717,0.0638160257,-53.84345648
hard-sphere-seed-02,2,130,23,0.1,0.1162784974,0.061996318,87.55710213
hard-sphere-seed-02,2,131,23.1,0.1,0.0664484608,0.0624189761,6.45554428
hard-sphere-seed-02,2,132,23.2,0.1,0.0176753592,0.063116308,-71.99557492
hard-sphere-seed-02,2,133,23.3,0.1,0.1054098302,0.0636840715,65.51992942
hard-sphere-seed-02,2,134,23.4,0.1,0.1480745423,0.0627102262,136.12503287
hard-sphere-seed-02,2,135,23.5,0.1,0.1023622116,0.0615193941,66.39014928
hard-sphere-seed-02,2,136,23.6,0.1,0.1269524941,0.0621150527,104.38281659
hard-sphere-seed-02,2,137,23.7,0.1,0.0248162752,0.0625461515,-60.32325791
hard-sphere-seed-02,2,138,23.8,0.1,0.0405985635,0.0633525144,-35.91641331
hard-sphere-seed-02,2,139,23.9,0.1,0,0.0619016993,-100
hard-sphere-seed-02,2,140,24,0.1,0.0274094926,0.0621668241,-55.90977511
hard-sphere-seed-02,2,141,24.1,0.1,0.1541008642,0.0607707198,153.57748701
hard-sphere-seed-02,2,142,24.2,0.1,0.0363951732,0.0606706797,-40.01192438
hard-sphere-seed-02,2,143,24.3,0.1,0.1316123048,0.0587529664,124.00963386
hard-sphere-seed-02,2,144,24.4,0.1,0.0300631557,0.0576100051,-47.81608561
hard-sphere-seed-02,2,145,24.5,0.1,0.0762153348,0.0571580693,33.3413387
hard-sphere-seed-02,2,146,24.6,0.1,0.0394748015,0.057425264,-31.25882452
hard-sphere-seed-02,2,147,24.7,0.1,0.0286684698,0.0565662641,-49.31878532
hard-sphere-seed-02,2,148,24.8,0.1,0.0949470009,0.0561635319,69.05454084
hard-sphere-seed-02,2,149,24.9,0.1,0.0789772711,0.0576121942,37.08429661
hard-sphere-seed-02,2,150,25,0.1,0.0493581843,0.0586533593,-15.84764294
hard-sphere-seed-02,2,151,25.1,0.1,0.057785187,0.0568916888,1.57052498
hard-sphere-seed-02,2,152,25.2,0.1,0.0099667255,0.0537645155,-81.46226121
hard-sphere-seed-02,2,153,25.3,0.1,0.0666674823,0.0539727068,23.52073165
hard-sphere-seed-02,2,154,25.4,0.1,0.0737068479,0.0555831749,32.60640112
hard-sphere-seed-02,2,155,25.5,0.1,0.0818790638,0.0554799351,47.58320031
hard-sphere-seed-02,2,156,25.6,0.1,0.0746040529,0.056211189,32.72100142
hard-sphere-seed-02,2,157,25.7,0.1,0.031311307,0.0543827004,-42.42414091
hard-sphere-seed-02,2,158,25.8,0.1,0.0127436818,0.0556382856,-77.09548077
hard-sphere-seed-02,2,159,25.9,0.1,0.0241583414,0.0581206581,-58.43415713
hard-sphere-seed-02,2,160,26,0.1,0.0483197237,0.0597388831,-19.11512032
hard-sphere-seed-02,2,161,26.1,0.1,0.0485952346,0.0596071012,-18.474085
hard-sphere-seed-02,2,162,26.2,0.1,0.1049273942,0.0600815311,74.64167808
hard-sphere-seed-02,2,163,26.3,0.1,0.0936672339,0.0618069684,51.54801541
hard-sphere-seed-02,2,164,26.4,0.1,0.0481550772,0.0634190532,-24.06843886
hard-sphere-seed-02,2,165,26.5,0.1,0.09205622,0.0639506406,43.94886297
hard-sphere-seed-02,2,166,26.6,0.1,0.0433218377,0.063329682,-31.59315456
hard-sphere-seed-02,2,167,26.7,0.1,0.1157776177,0.0633417693,82.78241819
hard-sphere-seed-02,2,168,26.8,0.1,0.0473335864,0.0611676961,-22.61669246
hard-sphere-seed-02,2,169,26.9,0.1,0.0510686146,0.0608997454,-16.14313936
hard-sphere-seed-02,2,170,27,0.1,0.0513661935,0.0598696679,-14.20330989
hard-sphere-seed-02,2,171,27.1,0.1,0.1136127338,0.061891516,83.56754048
hard-sphere-seed-02,2,172,27.2,0.1,0.085619147,0.0612744448,39.73059619
hard-sphere-seed-02,2,173,27.3,0.1,0.1479496474,0.0614997166,140.56964112
hard-sphere-seed-02,2,174,27.4,0.1,0.0698459864,0.0628108949,11.2004319
hard-sphere-seed-02,2,175,27.5,0.1,0,0.0628592504,-100
hard-sphere-seed-02,2,176,27.6,0.1,0.0353022927,0.0629343739,-43.90618278
hard-sphere-seed-02,2,177,27.7,0.1,0.0494402496,0.0622872072,-20.62535498
hard-sphere-seed-02,2,178,27.8,0.1,0.1035201291,0.0609628227,69.80862187
hard-sphere-seed-02,2,179,27.9,0.1,0.0309529222,0.0604778371,-48.81939619
hard-sphere-seed-02,2,180,28,0.1,0.0219400874,0.0613204966,-64.2206299
hard-sphere-seed-02,2,181,28.1,0.1,0.0728981076,0.0603995145,20.69320128
hard-sphere-seed-02,2,182,28.2,0.1,0,0.0614035658,-100
hard-sphere-seed-02,2,183,28.3,0.1,0.0192671781,0.059803457,-67.78250106
hard-sphere-seed-02,2,184,28.4,0.1,0.0648591851,0.0589122938,10.09448265
hard-sphere-seed-02,2,185,28.5,0.1,0.0874006163,0.0608279166,43.6850401
hard-sphere-seed-02,2,186,28.6,0.1,0.0317002276,0.0613516462,-48.33027384
hard-sphere-seed-02,2,187,28.7,0.1,0.0098461832,0.0642516018,-84.67558323
hard-sphere-seed-02,2,188,28.8,0.1,0,0.0644974239,-100
hard-sphere-seed-02,2,189,28.9,0.1,0.0907393702,0.0627574649,44.58737353
hard-sphere-seed-02,2,190,29,0.1,0.1204806617,0.0629458816,91.40356546
hard-sphere-seed-02,2,191,29.1,0.1,0.0354602566,0.0630783694,-43.78380908
hard-sphere-seed-02,2,192,29.2,0.1,0.1247436012,0.0629834407,98.05777481
hard-sphere-seed-02,2,193,29.3,0.1,0.0639653298,0.0665972837,-3.95204403
hard-sphere-seed-02,2,194,29.4,0.1,0.0972343857,0.065596701,48.23060329
hard-sphere-seed-02,2,195,29.5,0.1,0.0363112556,0.0651047115,-44.22637816
hard-sphere-seed-02,2,196,29.6,0.1,0.0759597678,0.0641738464,18.3656147
hard-sphere-seed-02,2,197,29.7,0.1,0.0004807859,0.063437297,-99.24210853
hard-sphere-seed-02,2,198,29.8,0.1,0.1388835474,0.0638394388,117.55132875
hard-sphere-seed-02,2,199,29.9,0.1,0.0791053284,0.0636931453,24.19755378
hard-sphere-seed-02,2,200,30,0.1,0.0448803403,0.0629180279,-28.66855207
hard-sphere-seed-02,2,201,30.1,0.1,0.0812451271,0.0622438987,30.52705366
hard-sphere-seed-02,2,202,30.2,0.1,0.0483599888,0.0604256105,-19.9677282
hard-sphere-seed-02,2,203,30.3,0.1,0.0506720628,0.0602429506,-15.88714984
hard-sphere-seed-02,2,204,30.4,0.1,0.1034601403,0.0607963585,70.17489678
hard-sphere-seed-02,2,205,30.5,0.1,0.0730936609,0.0597243372,22.3850517
hard-sphere-seed-02,2,206,30.6,0.1,0.1846454272,0.0608881628,203.25340549
hard-sphere-seed-02,2,207,30.7,0.1,0.0086559364,0.0629293108,-86.24498456
hard-sphere-seed-02,2,208,30.8,0.1,0.091634168,0.0630487639,45.33856395
hard-sphere-seed-02,2,209,30.9,0.1,0.0310819247,0.0615771498,-49.52360603
hard-sphere-seed-02,2,210,31,0.1,0.0300679763,0.060838725,-50.57756995
hard-sphere-seed-02,2,211,31.1,0.1,0.0403246218,0.0609993045,-33.89330886
hard-sphere-seed-02,2,212,31.2,0.1,0.006473003,0.058672046,-88.96748373
hard-sphere-seed-02,2,213,31.3,0.1,0.0846886557,0.0577606383,46.62001356
hard-sphere-seed-02,2,214,31.4,0.1,0.0411281187,0.0578306792,-28.88183346
hard-sphere-seed-02,2,215,31.5,0.1,0.0821141506,0.0586573609,39.98950733
hard-sphere-seed-02,2,216,31.6,0.1,0.0346681515,0.0582687713,-40.50303321
hard-sphere-seed-02,2,217,31.7,0.1,0.0215109353,0.0572509018,-62.42690577
hard-sphere-seed-02,2,218,31.8,0.1,0.0677055104,0.0575196701,17.70844708
hard-sphere-seed-02,2,219,31.9,0.1,0.0491668766,0.0582631263,-15.61236112
hard-sphere-seed-02,2,220,32,0.1,0.0469131691,0.0594008683,-21.02275531
hard-sphere-seed-02,2,221,32.1,0.1,0.0329263355,0.0590513834,-44.24121221
hard-sphere-seed-02,2,222,32.2,0.1,0.0595111996,0.0598642604,-0.58976888
hard-sphere-seed-02,2,223,32.3,0.1,0.0307918436,0.0614096329,-49.85828427
hard-sphere-seed-02,2,224,32.4,0.1,0.0795512717,0.0620898795,28.1227671
hard-sphere-seed-02,2,225,32.5,0.1,0.0443537486,0.0603223553,-26.47212073
hard-sphere-seed-02,2,226,32.6,0.1,0.112383274,0.0623622655,80.21037735
hard-sphere-seed-02,2,227,32.7,0.1,0.0066345044,0.0662973875,-89.99281165
hard-sphere-seed-02,2,228,32.8,0.1,0.0835629661,0.065268401,28.02974307
hard-sphere-seed-02,2,229,32.9,0.1,0.0570480975,0.0634035862,-10.02386313
hard-sphere-seed-02,2,230,33,0.1,0.0972471456,0.0646235116,50.48260796
hard-sphere-seed-02,2,231,33.1,0.1,0.0861621726,0.0650014837,32.55416294
hard-sphere-seed-02,2,232,33.2,0.1,0.098941995,0.0648223869,52.63553176
hard-sphere-seed-02,2,233,33.3,0.1,0.0416220743,0.0643853511,-35.3547452
hard-sphere-seed-02,2,234,33.4,0.1,0.0321190907,0.0644193418,-50.14061025
hard-sphere-seed-02,2,235,33.5,0.1,0.0575272955,0.063113167,-8.85056441
hard-sphere-seed-02,2,236,33.6,0.1,0.0510945272,0.0614248177,-16.81777964
hard-sphere-seed-02,2,237,33.7,0.1,0.0552408405,0.060601751,-8.84613142
hard-sphere-seed-02,2,238,33.8,0.1,0.0889079051,0.0602184731,47.64224424
hard-sphere-seed-02,2,239,33.9,0.1,0.0997303799,0.0601849097,65.70662039
hard-sphere-seed-02,2,240,34,0.1,0.0889690634,0.0594176918,49.73497064
hard-sphere-seed-02,2,241,34.1,0.1,0.0827614059,0.0585685286,41.30695756
hard-sphere-seed-02,2,242,34.2,0.1,0.1104718368,0.0583193048,89.4258466
hard-sphere-seed-02,2,243,34.3,0.1,0.0774773703,0.0574314778,34.9040165
hard-sphere-seed-02,2,244,34.4,0.1,0.0175053442,0.0598624608,-70.75739296
hard-sphere-seed-02,2,245,34.5,0.1,0.1309388878,0.0566001509,131.34017421
hard-sphere-seed-02,2,246,34.6,0.1,0.0270252348,0.0552455548,-51.08161219
hard-sphere-seed-02,2,247,34.7,0.1,0.0678354868,0.0557212052,21.74088212
hard-sphere-seed-02,2,248,34.8,0.1,0.0778631359,0.056713098,37.29303929
hard-sphere-seed-02,2,249,34.9,0.1,0.1839852176,0.0581497499,216.39898338
hard-sphere-seed-02,2,250,35,0.1,0.066225081,0.0582728613,13.64652346
hard-sphere-seed-02,2,251,35.1,0.1,0.0680128468,0.0571892849,18.9258564
hard-sphere-seed-02,2,252,35.2,0.1,0.1106430483,0.0577321856,91.64881295
hard-sphere-seed-02,2,253,35.3,0.1,0.1179527763,0.0568328163,107.54343009
hard-sphere-seed-02,2,254,35.4,0.1,0.0151757219,0.0560899256,-72.94394367
hard-sphere-seed-02,2,255,35.5,0.1,0.1150922182,0.0554010603,107.74371021
hard-sphere-seed-02,2,256,35.6,0.1,0.0277941123,0.0557130044,-50.11198437
hard-sphere-seed-02,2,257,35.7,0.1,0.042305248,0.0549717708,-23.04186783
hard-sphere-seed-02,2,258,35.8,0.1,0.0963850742,0.0558540663,72.56590377
hard-sphere-seed-02,2,259,35.9,0.1,0,0.0547267445,-100
hard-sphere-seed-02,2,260,36,0.1,0.1057582984,0.0567461994,86.37071648
hard-sphere-seed-02,2,261,36.1,0.1,0.1159939266,0.0564228378,105.57974601
hard-sphere-seed-02,2,262,36.2,0.1,0.0845208011,0.0560988934,50.66393628
hard-sphere-seed-02,2,263,36.3,0.1,0.1580690462,0.0552417497,186.14054984
hard-sphere-seed-02,2,264,36.4,0.1,0.0687691912,0.054659208,25.81446707
hard-sphere-seed-02,2,265,36.5,0.1,0.0573150423,0.0557062361,2.88801812
hard-sphere-seed-02,2,266,36.6,0.1,0.0900219457,0.0547811453,64.33016353
hard-sphere-seed-02,2,267,36.7,0.1,0.1356978463,0.0573144575,136.76023849
hard-sphere-seed-02,2,268,36.8,0.1,0.0510354322,0.0571135842,-10.64221777
hard-sphere-seed-02,2,269,36.9,0.1,0.0673211848,0.0575587467,16.96082457
hard-sphere-seed-02,2,270,37,0.1,0.0516400855,0.0575041108,-10.19757577
hard-sphere-seed-02,2,271,37.1,0.1,0.0392003727,0.0583946652,-32.86994182
hard-sphere-seed-02,2,272,37.2,0.1,0.0505958964,0.0598370019,-15.44379767
hard-sphere-seed-02,2,273,37.3,0.1,0.1137098101,0.0625173843,81.88510514
hard-sphere-seed-02,2,274,37.4,0.1,0.0922025098,0.0633640867,45.51225261
hard-sphere-seed-02,2,275,37.5,0.1,0.0806326399,0.06182307,30.42483951
hard-sphere-seed-02,2,276,37.6,0.1,0.1151101083,0.0575964664,99.8561987
hard-sphere-seed-02,2,277,37.7,0.1,0.0524978197,0.060452099,-13.1579869
hard-sphere-seed-02,2,278,37.8,0.1,0.0599401567,0.0610120455,-1.75684777
hard-sphere-seed-02,2,279,37.9,0.1,0.0584144785,0.0631413359,-7.48615362
hard-sphere-seed-02,2,280,38,0.1,0.0957343663,0.0620002654,54.40960735
hard-sphere-seed-02,2,281,38.1,0.1,0.0059922243,0.0627037043,-90.44358797
hard-sphere-seed-02,2,282,38.2,0.1,0,0.0600422886,-100
hard-sphere-seed-02,2,283,38.3,0.1,0.0940325794,0.0631375754,48.93283248
hard-sphere-seed-02,2,284,38.4,0.1,0.0555026718,0.0600397808,-7.55683813
hard-sphere-seed-02,2,285,38.5,0.1,0.0987867127,0.0594394192,66.19730482
hard-sphere-seed-02,2,286,38.6,0.1,0.0429612732,0.0624302789,-31.18519728
hard-sphere-seed-02,2,287,38.7,0.1,0.023238372,0.0591861537,-60.73680997
hard-sphere-seed-02,2,288,38.8,0.1,0.057248048,0.0588994954,-2.80383964
hard-sphere-seed-02,2,289,38.9,0.1,0.0400554551,0.0587896556,-31.86649128
hard-sphere-seed-02,2,290,39,0.1,0.0789407544,0.0586393571,34.62077044
hard-sphere-seed-02,2,291,39.1,0.1,0.0790296317,0.0590400784,33.85759952
hard-sphere-seed-02,2,292,39.2,0.1,0.0363661886,0.0597193746,-39.10487372
hard-sphere-seed-02,2,293,39.3,0.1,0.0543136958,0.0596898234,-9.00677406
hard-sphere-seed-02,2,294,39.4,0.1,0.0777944645,0.0597768253,30.14151237
hard-sphere-seed-02,2,295,39.5,0.1,0.0358622589,0.061640998,-41.82076853
hard-sphere-seed-02,2,296,39.6,0.1,0.0305879022,0.0612604584,-50.06909342
hard-sphere-seed-02,2,297,39.7,0.1,0.0732758145,0.0612316533,19.66982854
hard-sphere-seed-02,2,298,39.8,0.1,0.0710200221,0.0604335226,17.51759475
hard-sphere-seed-02,2,299,39.9,0.1,0.0538118483,0.062272594,-13.586628
hard-sphere-seed-02,2,300,40,0.1,0.0572792743,0.0611865069,-6.38577486
hard-sphere-seed-02,2,301,40.1,0.1,0.111725349,0.0613298007,82.17138788
hard-sphere-seed-02,2,302,40.2,0.1,0,0.060909245,-100
hard-sphere-seed-02,2,303,40.3,0.1,0,0.0592193424,-100
hard-sphere-seed-02,2,304,40.4,0.1,0.0714774929,0.0598247011,19.47822826
hard-sphere-seed-02,2,305,40.5,0.1,0.0254388485,0.0606857075,-58.08098888
hard-sphere-seed-02,2,306,40.6,0.1,0.0855158575,0.0610229593,40.13718534
hard-sphere-seed-02,2,307,40.7,0.1,0.0195735454,0.0622097318,-68.53620027
hard-sphere-seed-02,2,308,40.8,0.1,0.034637934,0.0638215662,-45.72691318
hard-sphere-seed-02,2,309,40.9,0.1,0.0389008197,0.0630034772,-38.2560751
hard-sphere-seed-02,2,310,41,0.1,0.0964413373,0.0632026328,52.59069593
hard-sphere-seed-02,2,311,41.1,0.1,0,0.0621853575,-100
hard-sphere-seed-02,2,312,41.2,0.1,0.1092535662,0.0634462676,72.19857122
hard-sphere-seed-02,2,313,41.3,0.1,0.0962161712,0.0656984554,46.45119216
hard-sphere-seed-02,2,314,41.4,0.1,0.0604751295,0.0655781158,-7.78153858
hard-sphere-seed-02,2,315,41.5,0.1,0.0501538636,0.0656189917,-23.56806728
hard-sphere-seed-02,2,316,41.6,0.1,0.0985162955,0.0651486801,51.21763845
hard-sphere-seed-02,2,317,41.7,0.1,0.0805017135,0.0673337823,19.55620298
hard-sphere-seed-02,2,318,41.8,0.1,0.0527018291,0.0668584348,-21.17400099
hard-sphere-seed-02,2,319,41.9,0.1,0.0809958249,0.0635872465,27.37746837
hard-sphere-seed-02,2,320,42,0.1,0.0278413265,0.0597736045,-53.42203848
hard-sphere-seed-02,2,321,42.1,0.1,0.0428485605,0.0578404689,-25.91941031
hard-sphere-seed-02,2,322,42.2,0.1,0.038545419,0.0577936764,-33.30512706
hard-sphere-seed-02,2,323,42.3,0.1,0.0901541168,0.0560306011,60.90156982
hard-sphere-seed-02,2,324,42.4,0.1,0.0797479152,0.0586400256,35.99570334
hard-sphere-seed-02,2,325,42.5,0.1,0.055526433,0.0592861912,-6.34170981
hard-sphere-seed-02,2,326,42.6,0.1,0.1497783487,0.0614895163,143.58355338
hard-sphere-seed-02,2,327,42.7,0.1,0.012366785,0.0571397293,-78.35694155
hard-sphere-seed-02,2,328,42.8,0.1,0.1116310946,0.0582123603,91.76527814
hard-sphere-seed-02,2,329,42.9,0.1,0.0318240851,0.0582528549,-45.36905505
hard-sphere-seed-02,2,330,43,0.1,0.0649936445,0.0618210956,5.13182257
hard-sphere-seed-02,2,331,43.1,0.1,0.0853792926,0.0621475015,37.38169756
hard-sphere-seed-02,2,332,43.2,0.1,0.0673533176,0.0616742861,9.20810246
hard-sphere-seed-02,2,333,43.3,0.1,0.0759035157,0.0612809858,23.86144703
hard-sphere-seed-02,2,334,43.4,0.1,0.0373621286,0.0621743937,-39.90753049
hard-sphere-seed-02,2,335,43.5,0.1,0.0597011028,0.0609751197,-2.08940444
hard-sphere-seed-02,2,336,43.6,0.1,0.1069962786,0.0619555926,72.69833783
hard-sphere-seed-02,2,337,43.7,0.1,0.0152430772,0.0609986062,-75.01077787
hard-sphere-seed-02,2,338,43.8,0.1,0.0039603975,0.0617389061,-93.58524841
hard-sphere-seed-02,2,339,43.9,0.1,0.0218598629,0.0632078329,-65.41589562
hard-sphere-seed-02,2,340,44,0.1,0.0359593596,0.063955069,-43.77402728
hard-sphere-seed-02,2,341,44.1,0.1,0.0808154612,0.0635459177,27.17647982
hard-sphere-seed-02,2,342,44.2,0.1,0,0.0631894132,-100
hard-sphere-seed-02,2,343,44.3,0.1,0.1521423444,0.0625753953,143.13445179
hard-sphere-seed-02,2,344,44.4,0.1,0.0603933388,0.0619662487,-2.53833327
hard-sphere-seed-02,2,345,44.5,0.1,0.0288707498,0.0641939407,-55.02573991
hard-sphere-seed-02,2,346,44.6,0.1,0.1149445992,0.0627206398,83.26439185
hard-sphere-seed-02,2,347,44.7,0.1,0.0872818478,0.0648029195,34.68814143
hard-sphere-seed-02,2,348,44.8,0.1,0.2026449519,0.0648805607,212.33538923
hard-sphere-seed-02,2,349,44.9,0.1,0.0436928005,0.0645940949,-32.35790276
hard-sphere-seed-02,2,350,45,0.1,0.0967859485,0.0655899753,47.56210553
hard-sphere-seed-02,2,351,45.1,0.1,0.1441544888,0.0629387841,129.039202
hard-sphere-seed-02,2,352,45.2,0.1,0.009170298,0.0621158104,-85.23677313
hard-sphere-seed-02,2,353,45.3,0.1,0.0418266027,0.0636228585,-34.25852959
hard-sphere-seed-02,2,354,45.4,0.1,0.0675718496,0.0650924832,3.80899039
hard-sphere-seed-02,2,355,45.5,0.1,0.1533504256,0.0648384152,136.51168086
hard-sphere-seed-02,2,356,45.6,0.1,0.074814098,0.061084344,22.47671503
hard-sphere-seed-02,2,357,45.7,0.1,0.1108769259,0.0642245427,72.63949442
hard-sphere-seed-02,2,358,45.8,0.1,0.104014442,0.0694724393,49.72044029
hard-sphere-seed-02,2,359,45.9,0.1,0.0773904456,0.0674841278,14.6794782
hard-sphere-seed-02,2,360,46,0.1,0.0784509955,0.0657522044,19.31310332
hard-sphere-seed-02,2,361,46.1,0.1,0.0416449928,0.0649734022,-35.90455271
hard-sphere-seed-02,2,362,46.2,0.1,0.1034036723,0.0636090572,62.56124036
hard-sphere-seed-02,2,363,46.3,0.1,0.1339658399,0.0633331734,111.5255445
hard-sphere-seed-02,2,364,46.4,0.1,0.0335458239,0.0633890327,-47.07945139
hard-sphere-seed-02,2,365,46.5,0.1,0.0230397379,0.0620917694,-62.89405482
hard-sphere-seed-02,2,366,46.6,0.1,0.1061231458,0.0638165552,66.29406828
hard-sphere-seed-02,2,367,46.7,0.1,0.0169962027,0.0634486235,-73.21265339
hard-sphere-seed-02,2,368,46.8,0.1,0.0638938092,0.0632797527,0.97038382
hard-sphere-seed-02,2,369,46.9,0.1,0.0935040675,0.0636199283,46.97292195
hard-sphere-seed-02,2,370,47,0.1,0.1104027209,0.0628622991,75.62628544
hard-sphere-seed-02,2,371,47.1,0.1,0.0432675045,0.0625851229,-30.8661508
hard-sphere-seed-02,2,372,47.2,0.1,0.0259214624,0.0626246446,-58.60820839
hard-sphere-seed-02,2,373,47.3,0.1,0.059350719,0.0641742505,-7.51630367
hard-sphere-seed-02,2,374,47.4,0.1,0.0953635018,0.0639518585,49.11763955
hard-sphere-seed-02,2,375,47.5,0.1,0.0817665047,0.0615850947,32.7699586
hard-sphere-seed-02,2,376,47.6,0.1,0.0297079561,0.0633550004,-53.10874291
hard-sphere-seed-02,2,377,47.7,0.1,0.0712318906,0.0655243174,8.71061825
hard-sphere-seed-02,2,378,47.8,0.1,0.0036949519,0.0631444851,-94.14841702
hard-sphere-seed-02,2,379,47.9,0.1,0.0576382706,0.0618181355,-6.76155133
hard-sphere-seed-02,2,380,48,0.1,0.0943885161,0.0616928518,52.99749197
hard-sphere-seed-02,2,381,48.1,0.1,0.148543488,0.0641571566,131.53065983
hard-sphere-seed-02,2,382,48.2,0.1,0.0877071358,0.0637668318,37.5435055
hard-sphere-seed-02,2,383,48.3,0.1,0.0767813226,0.0616065222,24.63180834
hard-sphere-seed-02,2,384,48.4,0.1,0.0653149967,0.0620416103,5.27611448
hard-sphere-seed-02,2,385,48.5,0.1,0.0592505187,0.0643445862,-7.9168549
hard-sphere-seed-02,2,386,48.6,0.1,0.0618551355,0.0619282995,-0.11814308
hard-sphere-seed-02,2,387,48.7,0.1,0.0605330713,0.0630391721,-3.97546604
hard-sphere-seed-02,2,388,48.8,0.1,0.0250724338,0.0630260686,-60.21894699
hard-sphere-seed-02,2,389,48.9,0.1,0.0227631443,0.0630432647,-63.8928212
hard-sphere-seed-02,2,390,49,0.1,0.0635355545,0.0616461279,3.06495593
hard-sphere-seed-02,2,391,49.1,0.1,0.0574884176,0.0632580777,-9.12082747
hard-sphere-seed-02,2,392,49.2,0.1,0.0727902903,0.0630411355,15.46475129
hard-sphere-seed-02,2,393,49.3,0.1,0.1217408257,0.0631028239,92.92452873
hard-sphere-seed-02,2,394,49.4,0.1,0.0289661158,0.0630208073,-54.03721875
hard-sphere-seed-02,2,395,49.5,0.1,0.103204378,0.0624917016,65.14893239
hard-sphere-seed-02,2,396,49.6,0.1,0.0640812524,0.0612283907,4.65937733
hard-sphere-seed-02,2,397,49.7,0.1,0.053469613,0.0623337468,-14.22044109
hard-sphere-seed-02,2,398,49.8,0.1,0.0733320087,0.0632773185,15.88988029
hard-sphere-seed-02,2,399,49.9,0.1,0.0799471175,0.0638205791,25.26855557
hard-sphere-seed-02,2,400,50,0.1,0.1307423985,0.0616437191,112.09362502
hard-sphere-seed-02,2,401,50.1,0.1,0.0940086464,0.058486716,60.73504008
hard-sphere-seed-02,2,402,50.2,0.1,0,0.0596212784,-100
hard-sphere-seed-02,2,403,50.3,0.1,0.1667329341,0.0600177991,177.80581204
hard-sphere-seed-02,2,404,50.4,0.1,0.0209542222,0.0599513726,-65.0479693
hard-sphere-seed-02,2,405,50.5,0.1,0.0244952265,0.0591693252,-58.60147743
hard-sphere-seed-02,2,406,50.6,0.1,0.0656312319,0.0577196835,13.70684641
hard-sphere-seed-02,2,407,50.7,0.1,0.0665537009,0.0579811438,14.78507772
hard-sphere-seed-02,2,408,50.8,0.1,0.0327857115,0.0552345877,-40.6427876
hard-sphere-seed-02,2,409,50.9,0.1,0.0882043107,0.0546074114,61.52443135
hard-sphere-seed-02,2,410,51,0.1,0.0969269908,0.0568671777,70.44452479
hard-sphere-seed-02,2,411,51.1,0.1,0.0975035139,0.0570868263,70.79862406
hard-sphere-seed-02,2,412,51.2,0.1,0.0701941033,0.0593775391,18.21659236
hard-sphere-seed-02,2,413,51.3,0.1,0.0902812605,0.0590988198,52.76322083
hard-sphere-seed-02,2,414,51.4,0.1,0.1575366513,0.0556262937,183.20537067
hard-sphere-seed-02,2,415,51.5,0.1,0.0551113099,0.0569398555,-3.21136324
hard-sphere-seed-02,2,416,51.6,0.1,0.0480466468,0.0576303131,-16.62955803
hard-sphere-seed-02,2,417,51.7,0.1,0.0553194784,0.0570256897,-2.9920046
hard-sphere-seed-02,2,418,51.8,0.1,0.0608279878,0.0552334172,10.12895959
hard-sphere-seed-02,2,419,51.9,0.1,0.0851528272,0.0568703516,49.73149429
hard-sphere-seed-02,2,420,52,0.1,0.0632918237,0.0588993276,7.45763362
hard-sphere-seed-02,2,421,52.1,0.1,0.0936764828,0.0591363841,58.40752552
hard-sphere-seed-02,2,422,52.2,0.1,0.0134957549,0.0574110654,-76.49276348
hard-sphere-seed-02,2,423,52.3,0.1,0.0330980539,0.0568694873,-41.79997842
hard-sphere-seed-02,2,424,52.4,0.1,0.0662683013,0.0545349987,21.51517899
hard-sphere-seed-02,2,425,52.5,0.1,0.0388464622,0.0533847273,-27.23300432
hard-sphere-seed-02,2,426,52.6,0.1,0.1001266188,0.0565159645,77.16519525
hard-sphere-seed-02,2,427,52.7,0.1,0.0178248916,0.05665948,-68.54031921
hard-sphere-seed-02,2,428,52.8,0.1,0.0689814192,0.0563319586,22.45521187
hard-sphere-seed-02,2,429,52.9,0.1,0.0354470235,0.0571658288,-37.99263618
hard-sphere-seed-02,2,430,53,0.1,0.1163214109,0.0569496636,104.25302526
hard-sphere-seed-02,2,431,53.1,0.1,0.0813124429,0.0602218998,35.02138445
hard-sphere-seed-02,2,432,53.2,0.1,0.0385323542,0.0586556046,-34.30746397
hard-sphere-seed-02,2,433,53.3,0.1,0.0761477638,0.059070729,28.90947012
hard-sphere-seed-02,2,434,53.4,0.1,0.0766468338,0.0575050298,33.28718224
hard-sphere-seed-02,2,435,53.5,0.1,0.1563302153,0.0563639609,177.3584624
hard-sphere-seed-02,2,436,53.6,0.1,0.0930775479,0.0577673768,61.12476109
hard-sphere-seed-02,2,437,53.7,0.1,0.0796243252,0.0565592955,40.78026335
hard-sphere-seed-02,2,438,53.8,0.1,0.0365878293,0.0567708304,-35.55171014
hard-sphere-seed-02,2,439,53.9,0.1,0.0666865731,0.057150541,16.68581249
hard-sphere-seed-02,2,440,54,0.1,0.0173389156,0.0562771262,-69.19011905
hard-sphere-seed-02,2,441,54.1,0.1,0.05164353,0.055807242,-7.46088123
hard-sphere-seed-02,2,442,54.2,0.1,0.0518378597,0.0556520926,-6.85370977
hard-sphere-seed-02,2,443,54.3,0.1,0.0245094878,0.054377544,-54.9271887
hard-sphere-seed-02,2,444,54.4,0.1,0.0380216346,0.0550273239,-30.90408198
hard-sphere-seed-02,2,445,54.5,0.1,0.0212888948,0.057139665,-62.74235278
hard-sphere-seed-02,2,446,54.6,0.1,0.0390847468,0.0600725193,-34.93739352
hard-sphere-seed-02,2,447,54.7,0.1,0.0750133177,0.0591270361,26.8680501
hard-sphere-seed-02,2,448,54.8,0.1,0.1480183117,0.0603673471,145.19598545
hard-sphere-seed-02,2,449,54.9,0.1,0.0736297303,0.0591640592,24.45009912
hard-sphere-seed-02,2,450,55,0.1,0.0960509117,0.0587802123,63.40688124
hard-sphere-seed-02,2,451,55.1,0.1,0.035493642,0.0592671425,-40.11244597
hard-sphere-seed-02,2,452,55.2,0.1,0.0650362626,0.0578878183,12.34878851
hard-sphere-seed-02,2,453,55.3,0.1,0.0336572158,0.0579565627,-41.92682548
hard-sphere-seed-02,2,454,55.4,0.1,0.0214411477,0.055535837,-61.39223096
hard-sphere-seed-02,2,455,55.5,0.1,0.0517217124,0.0547390169,-5.51216416
hard-sphere-seed-02,2,456,55.6,0.1,0.0868658222,0.0543583146,59.80227279
hard-sphere-seed-02,2,457,55.7,0.1,0.1788478242,0.0547216516,226.8319193
hard-sphere-seed-02,2,458,55.8,0.1,0,0.0564675879,-100
hard-sphere-seed-02,2,459,55.9,0.1,0.0856335369,0.0551899236,55.16154277
hard-sphere-seed-02,2,460,56,0.1,0.1326011635,0.0559642583,136.93901691
hard-sphere-seed-02,2,461,56.1,0.1,0.0516993322,0.0560769324,-7.80641874
hard-sphere-seed-02,2,462,56.2,0.1,0.0193648298,0.0581470988,-66.69682548
hard-sphere-seed-02,2,463,56.3,0.1,0.2346410664,0.0601873627,289.85105156
hard-sphere-seed-02,2,464,56.4,0.1,0.0818489308,0.058997891,38.73196046
hard-sphere-seed-02,2,465,56.5,0.1,0.0886088345,0.0583169786,51.94345924
hard-sphere-seed-02,2,466,56.6,0.1,0.0794442946,0.0591369556,34.33950709
hard-sphere-seed-02,2,467,56.7,0.1,0.1050227683,0.0584027429,79.82506132
hard-sphere-seed-02,2,468,56.8,0.1,0.0376721378,0.058984701,-36.13235785
hard-sphere-seed-02,2,469,56.9,0.1,0.0682384338,0.0586123599,16.42328331
hard-sphere-seed-02,2,470,57,0.1,0.0381216368,0.0575256462,-33.73105847
hard-sphere-seed-02,2,471,57.1,0.1,0.0426050553,0.0555305936,-23.27642738
hard-sphere-seed-02,2,472,57.2,0.1,0.0191382831,0.0529927391,-63.88508419
hard-sphere-seed-02,2,473,57.3,0.1,0.0382961088,0.0534409845,-28.33943998
hard-sphere-seed-02,2,474,57.4,0.1,0.0251984106,0.052460974,-51.9673222
hard-sphere-seed-02,2,475,57.5,0.1,0.0792385563,0.0526317814,50.55267787
hard-sphere-seed-02,2,476,57.6,0.1,0.0498706497,0.0552769821,-9.78044064
hard-sphere-seed-02,2,477,57.7,0.1,0.0614872693,0.0553117339,11.16496431
hard-sphere-seed-02,2,478,57.8,0.1,0.0925097682,0.0559695968,65.28575063
hard-sphere-seed-02,2,479,57.9,0.1,0.0958631861,0.0568664074,68.57612506
hard-sphere-seed-02,2,480,58,0.1,0.0509132874,0.0553527641,-8.02033423
hard-sphere-seed-02,2,481,58.1,0.1,0.0723399164,0.0588130516,22.99976703
hard-sphere-seed-02,2,482,58.2,0.1,0.0723006612,0.0577184741,25.26433239
hard-sphere-seed-02,2,483,58.3,0.1,0.0522992638,0.0596274456,-12.28994764
hard-sphere-seed-02,2,484,58.4,0.1,0.1188838551,0.0615210886,93.24081842
hard-sphere-seed-02,2,485,58.5,0.1,0.0527635828,0.0630525933,-16.31814017
hard-sphere-seed-02,2,486,58.6,0.1,0.0877318222,0.061051559,43.70119884
hard-sphere-seed-02,2,487,58.7,0.1,0.0584057025,0.0612090718,-4.57998995
hard-sphere-seed-02,2,488,58.8,0.1,0.0080885892,0.0605138583,-86.63349289
hard-sphere-seed-02,2,489,58.9,0.1,0.0758745634,0.0590655947,28.45813849
hard-sphere-seed-02,2,490,59,0.1,0.0292465741,0.0605279395,-51.68086945
hard-sphere-seed-02,2,491,59.1,0.1,0.1248622196,0.0596897498,109.18536278
hard-sphere-seed-02,2,492,59.2,0.1,0.0894561571,0.0611892125,46.19596091
hard-sphere-seed-02,2,493,59.3,0.1,0.0505790435,0.0610706512,-17.1794593
hard-sphere-seed-02,2,494,59.4,0.1,0.0259423753,0.0599220071,-56.70643125
hard-sphere-seed-02,2,495,59.5,0.1,0,0.0625524681,-100
hard-sphere-seed-02,2,496,59.6,0.1,0.1044677299,0.0638423032,63.63402434
hard-sphere-seed-02,2,497,59.7,0.1,0.0605337128,0.0592095742,2.23635895
hard-sphere-seed-02,2,498,59.8,0.1,0.0317552494,0.0604195119,-47.4420624
hard-sphere-seed-02,2,499,59.9,0.1,0.0091309369,0.0590903981,-84.5475116
hard-sphere-seed-02,2,500,60,0.1,0.0274526623,0.0602857669,-54.46244834
hard-sphere-seed-02,2,501,60.1,0.1,0.0545250099,0.0622883833,-12.4635974
hard-sphere-seed-02,2,502,60.2,0.1,0.0646783284,0.060681815,6.58601487
hard-sphere-seed-02,2,503,60.3,0.1,0.0896196389,0.0653968058,37.03978011
hard-sphere-seed-02,2,504,60.4,0.1,0.1061011918,0.0647462216,63.87240693
hard-sphere-seed-02,2,505,60.5,0.1,0.0453289024,0.0639353601,-29.10198317
hard-sphere-seed-02,2,506,60.6,0.1,0.0481058122,0.0624229234,-22.93566274
hard-sphere-seed-02,2,507,60.7,0.1,0.1118410335,0.0640207337,74.69502
hard-sphere-seed-02,2,508,60.8,0.1,0.0517895062,0.0631259008,-17.95838855
hard-sphere-seed-02,2,509,60.9,0.1,0.0840778634,0.0624133467,34.71135235
hard-sphere-seed-02,2,510,61,0.1,0.0475892609,0.0632032331,-24.70438833
hard-sphere-seed-02,2,511,61.1,0.1,0.0345993462,0.0642190331,-46.12291012
hard-sphere-seed-02,2,512,61.2,0.1,0.0859791882,0.0639603101,34.42584632
hard-sphere-seed-02,2,513,61.3,0.1,0.0232502614,0.0603040068,-61.44491454
hard-sphere-seed-02,2,514,61.4,0.1,0.0690364147,0.0563736552,22.46219332
hard-sphere-seed-02,2,515,61.5,0.1,0.040735815,0.0578022427,-29.52554582
hard-sphere-seed-02,2,516,61.6,0.1,0.0388508135,0.0558494592,-30.43654484
hard-sphere-seed-02,2,517,61.7,0.1,0.075170138,0.0545220341,37.87111803
hard-sphere-seed-02,2,518,61.8,0.1,0.0156891792,0.0549228737,-71.43416179
hard-sphere-seed-02,2,519,61.9,0.1,0.0985269441,0.0548575357,79.60512222
hard-sphere-seed-02,2,520,62,0.1,0.0748606285,0.0548335089,36.52350533
hard-sphere-seed-02,2,521,62.1,0.1,0.0623211233,0.0562946349,10.70526249
hard-sphere-seed-02,2,522,62.2,0.1,0.0534996953,0.0542103874,-1.31098886
hard-sphere-seed-02,2,523,62.3,0.1,0.0385656335,0.054209004,-28.8575133
hard-sphere-seed-02,2,524,62.4,0.1,0.0751947781,0.0564115362,33.2968098
hard-sphere-seed-02,2,525,62.5,0.1,0.0487273746,0.0573686952,-15.06278041
hard-sphere-seed-02,2,526,62.6,0.1,0.0547725373,0.0575198253,-4.77624538
hard-sphere-seed-02,2,527,62.7,0.1,0.0358884052,0.0569256373,-36.9556373
hard-sphere-seed-02,2,528,62.8,0.1,0.0219848574,0.0569638487,-61.40559693
hard-sphere-seed-02,2,529,62.9,0.1,0.0749885842,0.0570527683,31.43724049
hard-sphere-seed-02,2,530,63,0.1,0.0524924324,0.0579196836,-9.3703054
hard-sphere-seed-02,2,531,63.1,0.1,0.0375083759,0.0573765249,-34.6276618
hard-sphere-seed-02,2,532,63.2,0.1,0.0560589814,0.058971244,-4.93844524
hard-sphere-seed-02,2,533,63.3,0.1,0.0508811592,0.0592059685,-14.06076026
hard-sphere-seed-02,2,534,63.4,0.1,0.1211816363,0.059646497,103.16639273
hard-sphere-seed-02,2,535,63.5,0.1,0.0443082262,0.0570772043,-22.37141487
hard-sphere-seed-02,2,536,63.6,0.1,0.0641944561,0.0583840124,9.9521143
hard-sphere-seed-02,2,537,63.7,0.1,0.0185219561,0.058345016,-68.25443313
hard-sphere-seed-02,2,538,63.8,0.1,0.0143122694,0.0564579883,-74.64969994
hard-sphere-seed-02,2,539,63.9,0.1,0.0125277637,0.0570312676,-78.03351692
hard-sphere-seed-02,2,540,64,0.1,0.0654881763,0.0569556585,14.98098354
hard-sphere-seed-02,2,541,64.1,0.1,0.0562808577,0.0565153058,-0.41483986
hard-sphere-seed-02,2,542,64.2,0.1,0.025566304,0.0564188091,-54.6847862
hard-sphere-seed-02,2,543,64.3,0.1,0.0835251072,0.0576820994,44.80247435
hard-sphere-seed-02,2,544,64.4,0.1,0.0855244977,0.0563286354,51.83129693
hard-sphere-seed-02,2,545,64.5,0.1,0.1362621189,0.0572150963,138.15763244
hard-sphere-seed-02,2,546,64.6,0.1,0.0500032714,0.056753598,-11.89409456
hard-sphere-seed-02,2,547,64.7,0.1,0.1347588314,0.0567958097,137.26896766
hard-sphere-seed-02,2,548,64.8,0.1,0.0418556395,0.0575333242,-27.24974611
hard-sphere-seed-02,2,549,64.9,0.1,0.0311169151,0.0580199618,-46.36860466
hard-sphere-seed-02,2,550,65,0.1,0.0773424007,0.0629678076,22.8284796
hard-sphere-seed-02,2,551,65.1,0.1,0.0135352798,0.0627248213,-78.4211744
hard-sphere-seed-02,2,552,65.2,0.1,0.081265823,0.0619603406,31.1578054
hard-sphere-seed-02,2,553,65.3,0.1,0.0421222714,0.0605961899,-30.48693084
hard-sphere-seed-02,2,554,65.4,0.1,0.0051215012,0.0609582623,-91.59834781
hard-sphere-seed-02,2,555,65.5,0.1,0.049007124,0.0611352812,-19.83822918
hard-sphere-seed-02,2,556,65.6,0.1,0.0957718658,0.057291299,67.16651121
hard-sphere-seed-02,2,557,65.7,0.1,0.0433974647,0.0583514687,-25.62746808
hard-sphere-seed-02,2,558,65.8,0.1,0.025276526,0.0589725233,-57.13846959
hard-sphere-seed-02,2,559,65.9,0.1,0.0195903453,0.0589282113,-66.75557453
hard-sphere-seed-02,2,560,66,0.1,0.0971893767,0.0606490706,60.24874866
hard-sphere-seed-02,2,561,66.1,0.1,0,0.0600831075,-100
hard-sphere-seed-02,2,562,66.2,0.1,0.043784193,0.0594795727,-26.38784872
hard-sphere-seed-02,2,563,66.3,0.1,0.0767756648,0.059301492,29.46666637
hard-sphere-seed-02,2,564,66.4,0.1,0.0065806751,0.0622397698,-89.42689673
hard-sphere-seed-02,2,565,66.5,0.1,0.062635124,0.0634631418,-1.30472237
hard-sphere-seed-02,2,566,66.6,0.1,0.0158027182,0.0605708247,-73.91034657
hard-sphere-seed-02,2,567,66.7,0.1,0.0467846788,0.0616485489,-24.11065697
hard-sphere-seed-02,2,568,66.8,0.1,0.009153054,0.0598115751,-84.69685182
hard-sphere-seed-02,2,569,66.9,0.1,0.0726141219,0.0582018235,24.7626235
hard-sphere-seed-02,2,570,67,0.1,0.0487922069,0.0586026355,-16.74059273
hard-sphere-seed-02,2,571,67.1,0.1,0.0268388494,0.0574139008,-53.25374345
hard-sphere-seed-02,2,572,67.2,0.1,0.0480364931,0.0570399211,-15.78443277
hard-sphere-seed-02,2,573,67.3,0.1,0.022117508,0.0572126553,-61.34158112
hard-sphere-seed-02,2,574,67.4,0.1,0.0612132307,0.0581718838,5.22820752
hard-sphere-seed-02,2,575,67.5,0.1,0,0.0587384513,-100
hard-sphere-seed-02,2,576,67.6,0.1,0.0409986536,0.0594618206,-31.05045701
hard-sphere-seed-02,2,577,67.7,0.1,0.0644176756,0.0581742197,10.73234148
hard-sphere-seed-02,2,578,67.8,0.1,0.0549164237,0.0575864896,-4.6366186
hard-sphere-seed-02,2,579,67.9,0.1,0.032123766,0.0577937972,-44.41658524
hard-sphere-seed-02,2,580,68,0.1,0.1019931601,0.0579703994,75.94006798
hard-sphere-seed-02,2,581,68.1,0.1,0.0680912688,0.058119857,17.15663513
hard-sphere-seed-02,2,582,68.2,0.1,0.088025604,0.0596383182,47.5990716
hard-sphere-seed-02,2,583,68.3,0.1,0.0898221943,0.0626314711,43.41383438
hard-sphere-seed-02,2,584,68.4,0.1,0.082904807,0.0638361844,29.87118158
hard-sphere-seed-02,2,585,68.5,0.1,0,0.0635977963,-100
hard-sphere-seed-02,2,586,68.6,0.1,0.1127791138,0.0611064457,84.56173081
hard-sphere-seed-02,2,587,68.7,0.1,0.0119937024,0.0636595136,-81.15960731
hard-sphere-seed-02,2,588,68.8,0.1,0.0479259346,0.0608048126,-21.18068853
hard-sphere-seed-02,2,589,68.9,0.1,0.04598457,0.0604981289,-23.99009546
hard-sphere-seed-02,2,590,69,0.1,0.0095676736,0.0599278007,-84.03466595
hard-sphere-seed-02,2,591,69.1,0.1,0.0420042173,0.0606183376,-30.70707812
hard-sphere-seed-02,2,592,69.2,0.1,0.0417886617,0.056010329,-25.39115119
hard-sphere-seed-02,2,593,69.3,0.1,0.0672466642,0.0555749543,21.0017446
hard-sphere-seed-02,2,594,69.4,0.1,0.056697263,0.0568695518,-0.30295445
hard-sphere-seed-02,2,595,69.5,0.1,0.0111761602,0.0596438615,-81.26184338
hard-sphere-seed-02,2,596,69.6,0.1,0.0385228695,0.0587800071,-34.46263213
hard-sphere-seed-02,2,597,69.7,0.1,0.0877077096,0.0626609431,39.97189514
hard-sphere-seed-02,2,598,69.8,0.1,0.0379756828,0.0613955443,-38.14586508
hard-sphere-seed-02,2,599,69.9,0.1,0.0787671676,0.0598992532,31.49941521
hard-sphere-seed-02,2,600,70,0.1,0.0403972835,0.0600527,-32.73027944
hard-sphere-seed-03,3,1,10.1,0.1,0.0511272801,0.0589994788,-13.34282752
hard-sphere-seed-03,3,2,10.2,0.1,0.0608682174,0.0592587204,2.71605098
hard-sphere-seed-03,3,3,10.3,0.1,0.0951335389,0.0614382691,54.84410653
hard-sphere-seed-03,3,4,10.4,0.1,0.0847968667,0.0603154489,40.58896727
hard-sphere-seed-03,3,5,10.5,0.1,0.0446491798,0.0600976105,-25.70556567
hard-sphere-seed-03,3,6,10.6,0.1,0.113148249,0.0586195427,93.0213779
hard-sphere-seed-03,3,7,10.7,0.1,0.0378427461,0.0570704519,-33.69117503
hard-sphere-seed-03,3,8,10.8,0.1,0.1967982983,0.0591346212,232.79708987
hard-sphere-seed-03,3,9,10.9,0.1,0.004046914,0.0614233734,-93.41144288
hard-sphere-seed-03,3,10,11,0.1,0.0442668687,0.0623244164,-28.97347265
hard-sphere-seed-03,3,11,11.1,0.1,0.1339204611,0.0635102841,110.86421364
hard-sphere-seed-03,3,12,11.2,0.1,0.069174747,0.06176929,11.98889771
hard-sphere-seed-03,3,13,11.3,0.1,0.1185584909,0.0637354423,86.01658149
hard-sphere-seed-03,3,14,11.4,0.1,0.1054100767,0.0627758618,67.91498133
hard-sphere-seed-03,3,15,11.5,0.1,0.0830974696,0.0617073031,34.66391405
hard-sphere-seed-03,3,16,11.6,0.1,0.1015453514,0.0622626147,63.09201263
hard-sphere-seed-03,3,17,11.7,0.1,0.0950592157,0.0629701294,50.95921917
hard-sphere-seed-03,3,18,11.8,0.1,0,0.0637064845,-100
hard-sphere-seed-03,3,19,11.9,0.1,0.0292306505,0.0633174974,-53.83479811
hard-sphere-seed-03,3,20,12,0.1,0.1044050702,0.064113674,62.84368638
hard-sphere-seed-03,3,21,12.1,0.1,0.0551954398,0.0639230985,-13.65337241
hard-sphere-seed-03,3,22,12.2,0.1,0.0152621616,0.0620919366,-75.42005868
hard-sphere-seed-03,3,23,12.3,0.1,0.064079759,0.0622466356,2.94493561
hard-sphere-seed-03,3,24,12.4,0.1,0,0.0621171126,-100
hard-sphere-seed-03,3,25,12.5,0.1,0.0827123761,0.0625133239,32.31159534
hard-sphere-seed-03,3,26,12.6,0.1,0.0883502015,0.0609201635,45.02620546
hard-sphere-seed-03,3,27,12.7,0.1,0.0629997366,0.062209506,1.27027302
hard-sphere-seed-03,3,28,12.8,0.1,0.0180957868,0.060362124,-70.02128891
hard-sphere-seed-03,3,29,12.9,0.1,0.1137972946,0.0604589771,88.22232861
hard-sphere-seed-03,3,30,13,0.1,0.064278081,0.0596361651,7.7837263
hard-sphere-seed-03,3,31,13.1,0.1,0.0304374144,0.0586900824,-48.13874308
hard-sphere-seed-03,3,32,13.2,0.1,0.0742990553,0.0585323239,26.93679374
hard-sphere-seed-03,3,33,13.3,0.1,0.0771668306,0.0611582395,26.17568987
hard-sphere-seed-03,3,34,13.4,0.1,0.0129801227,0.0619043028,-79.03195406
hard-sphere-seed-03,3,35,13.5,0.1,0.0580367013,0.0608287059,-4.58994581
hard-sphere-seed-03,3,36,13.6,0.1,0.1157281159,0.05933865,95.02991035
hard-sphere-seed-03,3,37,13.7,0.1,0.0644442696,0.057848794,11.40123257
hard-sphere-seed-03,3,38,13.8,0.1,0.030480029,0.0598944765,-49.11045088
hard-sphere-seed-03,3,39,13.9,0.1,0.0784988012,0.0591391987,32.73565248
hard-sphere-seed-03,3,40,14,0.1,0.1255178754,0.059062048,112.51866415
hard-sphere-seed-03,3,41,14.1,0.1,0.0228272511,0.0589825172,-61.29827584
hard-sphere-seed-03,3,42,14.2,0.1,0.0421997077,0.0590682729,-28.55774237
hard-sphere-seed-03,3,43,14.3,0.1,0.080545464,0.0591575036,36.15426462
hard-sphere-seed-03,3,44,14.4,0.1,0.0208916193,0.060543481,-65.49319767
hard-sphere-seed-03,3,45,14.5,0.1,0.051782437,0.0610403291,-15.16684491
hard-sphere-seed-03,3,46,14.6,0.1,0.0372857793,0.0589647979,-36.76603565
hard-sphere-seed-03,3,47,14.7,0.1,0.1096511275,0.0565725683,93.82384573
hard-sphere-seed-03,3,48,14.8,0.1,0.1340024234,0.0584246341,129.35945688
hard-sphere-seed-03,3,49,14.9,0.1,0.059082231,0.0564554148,4.65290385
hard-sphere-seed-03,3,50,15,0.1,0.025656494,0.0593337287,-56.75900608
hard-sphere-seed-03,3,51,15.1,0.1,0.2101671795,0.0600307652,250.09911804
hard-sphere-seed-03,3,52,15.2,0.1,0.0471022292,0.063948046,-26.34297357
hard-sphere-seed-03,3,53,15.3,0.1,0.0918894715,0.0625630102,46.87508038
hard-sphere-seed-03,3,54,15.4,0.1,0.0664411265,0.0610232225,8.87842971
hard-sphere-seed-03,3,55,15.5,0.1,0.0284252941,0.0613556194,-53.67124572
hard-sphere-seed-03,3,56,15.6,0.1,0.0488604959,0.0616695355,-20.77044936
hard-sphere-seed-03,3,57,15.7,0.1,0.0856640301,0.0605075472,41.57577715
hard-sphere-seed-03,3,58,15.8,0.1,0.0784211829,0.062350393,25.77496159
hard-sphere-seed-03,3,59,15.9,0.1,0.0827328535,0.0629921398,31.33837609
hard-sphere-seed-03,3,60,16,0.1,0.098453298,0.0632977068,55.54007091
hard-sphere-seed-03,3,61,16.1,0.1,0.0465895171,0.0592911202,-21.42243744
hard-sphere-seed-03,3,62,16.2,0.1,0.0403497699,0.0571350456,-29.37824845
hard-sphere-seed-03,3,63,16.3,0.1,0.0493302159,0.0568819403,-13.27613701
hard-sphere-seed-03,3,64,16.4,0.1,0.0317570749,0.0570313809,-44.31648956
hard-sphere-seed-03,3,65,16.5,0.1,0.1514664658,0.0561903339,169.55964713
hard-sphere-seed-03,3,66,16.6,0.1,0.0260695427,0.0536374083,-51.39671442
hard-sphere-seed-03,3,67,16.7,0.1,0.1561184387,0.0537928291,190.22165449
hard-sphere-seed-03,3,68,16.8,0.1,0,0.0562571903,-100
hard-sphere-seed-03,3,69,16.9,0.1,0.080494886,0.0545712537,47.50419058
hard-sphere-seed-03,3,70,17,0.1,0.0668419955,0.0551608314,21.17655538
hard-sphere-seed-03,3,71,17.1,0.1,0.0384689957,0.0548026802,-29.80453591
hard-sphere-seed-03,3,72,17.2,0.1,0.0460852445,0.0562776279,-18.11089733
hard-sphere-seed-03,3,73,17.3,0.1,0.0329035374,0.0519723709,-36.6903284
hard-sphere-seed-03,3,74,17.4,0.1,0.0415811633,0.0519856511,-20.014153
hard-sphere-seed-03,3,75,17.5,0.1,0.0478572048,0.0533333705,-10.26780352
hard-sphere-seed-03,3,76,17.6,0.1,0.0355967999,0.0542600642,-34.39594948
hard-sphere-seed-03,3,77,17.7,0.1,0.0559142163,0.0543837807,2.81413977
hard-sphere-seed-03,3,78,17.8,0.1,0.0617071059,0.0564481532,9.31643005
hard-sphere-seed-03,3,79,17.9,0.1,0.0137269013,0.058228444,-76.42578033
hard-sphere-seed-03,3,80,18,0.1,0,0.0604671942,-100
hard-sphere-seed-03,3,81,18.1,0.1,0.0283625885,0.0593666771,-52.22473294
hard-sphere-seed-03,3,82,18.2,0.1,0.0575357902,0.0580212289,-0.83665691
hard-sphere-seed-03,3,83,18.3,0.1,0.1235638704,0.0558526617,121.23183875
hard-sphere-seed-03,3,84,18.4,0.1,0.1165197386,0.056753618,105.30803621
hard-sphere-seed-03,3,85,18.5,0.1,0.0500591434,0.0580194831,-13.72011491
hard-sphere-seed-03,3,86,18.6,0.1,0.0359618988,0.0573387815,-37.28171774
hard-sphere-seed-03,3,87,18.7,0.1,0.043387425,0.0550730316,-21.21838262
hard-sphere-seed-03,3,88,18.8,0.1,0.0581300401,0.0558720058,4.0414413
hard-sphere-seed-03,3,89,18.9,0.1,0.0342071476,0.056497584,-39.45378695
hard-sphere-seed-03,3,90,19,0.1,0.1034177981,0.0568995146,81.75514989
hard-sphere-seed-03,3,91,19.1,0.1,0.1413773898,0.0602153853,134.78615846
hard-sphere-seed-03,3,92,19.2,0.1,0.1058644621,0.0609876921,73.58332222
hard-sphere-seed-03,3,93,19.3,0.1,0.083593609,0.0596436123,40.15517455
hard-sphere-seed-03,3,94,19.4,0.1,0.0662332743,0.0602872788,9.86276979
hard-sphere-seed-03,3,95,19.5,0.1,0,0.0623744463,-100
hard-sphere-seed-03,3,96,19.6,0.1,0.076481428,0.0613548516,24.65424643
hard-sphere-seed-03,3,97,19.7,0.1,0.0311197645,0.0613631404,-49.2858998
hard-sphere-seed-03,3,98,19.8,0.1,0.0730340476,0.0630031419,15.92127847
hard-sphere-seed-03,3,99,19.9,0.1,0,0.0622653809,-100
hard-sphere-seed-03,3,100,20,0.1,0.0183189317,0.0642451084,-71.48587316
hard-sphere-seed-03,3,101,20.1,0.1,0.0256929971,0.0651968934,-60.59168502
hard-sphere-seed-03,3,102,20.2,0.1,0.1405481211,0.0638217506,120.21978357
hard-sphere-seed-03,3,103,20.3,0.1,0.0879969169,0.0647986136,35.80061689
hard-sphere-seed-03,3,104,20.4,0.1,0.0388688985,0.0659648825,-41.07637727
hard-sphere-seed-03,3,105,20.5,0.1,0.047931709,0.0649061077,-26.15223636
hard-sphere-seed-03,3,106,20.6,0.1,0.0478614647,0.0658383003,-27.30452572
hard-sphere-seed-03,3,107,20.7,0.1,0.0528072545,0.0653168054,-19.15211685
hard-sphere-seed-03,3,108,20.8,0.1,0.0533370579,0.0614206967,-13.16109919
hard-sphere-seed-03,3,109,20.9,0.1,0.0882547528,0.063559045,38.85474967
hard-sphere-seed-03,3,110,21,0.1,0.033988169,0.0640279681,-46.91668335
hard-sphere-seed-03,3,111,21.1,0.1,0.0600955553,0.0628316709,-4.35467584
hard-sphere-seed-03,3,112,21.2,0.1,0,0.0610861108,-100
hard-sphere-seed-03,3,113,21.3,0.1,0.0423720544,0.0579845302,-26.92524337
hard-sphere-seed-03,3,114,21.4,0.1,0.0188595649,0.0584516809,-67.73477744
hard-sphere-seed-03,3,115,21.5,0.1,0.0622421908,0.0594877439,4.63027639
hard-sphere-seed-03,3,116,21.6,0.1,0.0154916465,0.06051039,-74.39836938
hard-sphere-seed-03,3,117,21.7,0.1,0.1226465332,0.0620749459,97.5781557
hard-sphere-seed-03,3,118,21.8,0.1,0.0534394336,0.0625856278,-14.61388898
hard-sphere-seed-03,3,119,21.9,0.1,0.0776579796,0.0647790694,19.88128307
hard-sphere-seed-03,3,120,22,0.1,0.0868161396,0.0629454767,37.92276125
hard-sphere-seed-03,3,121,22.1,0.1,0.0667990339,0.0631423136,5.79123575
hard-sphere-seed-03,3,122,22.2,0.1,0.0941469985,0.0629813626,49.48390217
hard-sphere-seed-03,3,123,22.3,0.1,0.0554852762,0.0633457488,-12.40884005
hard-sphere-seed-03,3,124,22.4,0.1,0.0907967935,0.064311997,41.18173548
hard-sphere-seed-03,3,125,22.5,0.1,0.0353031524,0.0650605674,-45.73801946
hard-sphere-seed-03,3,126,22.6,0.1,0.0836383671,0.065193155,28.29317299
hard-sphere-seed-03,3,127,22.7,0.1,0.0791753754,0.0643715677,22.99743225
hard-sphere-seed-03,3,128,22.8,0.1,0.0246410787,0.0637515187,-61.34824824
hard-sphere-seed-03,3,129,22.9,0.1,0.0296508997,0.0632003001,-53.08424233
hard-sphere-seed-03,3,130,23,0.1,0.0329498149,0.062051766,-46.89947269
hard-sphere-seed-03,3,131,23.1,0.1,0,0.0630829477,-100
hard-sphere-seed-03,3,132,23.2,0.1,0.0030625762,0.0625741012,-95.10568082
hard-sphere-seed-03,3,133,23.3,0.1,0.1008402817,0.0640320417,57.48409554
hard-sphere-seed-03,3,134,23.4,0.1,0.1096829265,0.0612672073,79.02387168
hard-sphere-seed-03,3,135,23.5,0.1,0.048124293,0.0595254177,-19.15337193
hard-sphere-seed-03,3,136,23.6,0.1,0.0716237188,0.0618415265,15.81816112
hard-sphere-seed-03,3,137,23.7,0.1,0.0784893448,0.0606771812,29.35562142
hard-sphere-seed-03,3,138,23.8,0.1,0.0759373547,0.0613382451,23.80099011
hard-sphere-seed-03,3,139,23.9,0.1,0.0225584903,0.0605662008,-62.75399479
hard-sphere-seed-03,3,140,24,0.1,0.0466921809,0.0608526266,-23.27006482
hard-sphere-seed-03,3,141,24.1,0.1,0.205279422,0.0637158121,222.17971514
hard-sphere-seed-03,3,142,24.2,0.1,0,0.0625504796,-100
hard-sphere-seed-03,3,143,24.3,0.1,0.1175024431,0.0618511058,89.97630132
hard-sphere-seed-03,3,144,24.4,0.1,0.0633334933,0.0618487072,2.40067439
hard-sphere-seed-03,3,145,24.5,0.1,0.0608371162,0.0625065752,-2.67085337
hard-sphere-seed-03,3,146,24.6,0.1,0.0392710134,0.0644489584,-39.06648869
hard-sphere-seed-03,3,147,24.7,0.1,0.104614684,0.0632489313,65.40150472
hard-sphere-seed-03,3,148,24.8,0.1,0.1196440067,0.0620145559,92.92890985
hard-sphere-seed-03,3,149,24.9,0.1,0.0590246612,0.0600230397,-1.66332558
hard-sphere-seed-03,3,150,25,0.1,0.0955354933,0.058931875,62.11174897
hard-sphere-seed-03,3,151,25.1,0.1,0.0200339765,0.0601252172,-66.67957729
hard-sphere-seed-03,3,152,25.2,0.1,0.0915035017,0.0576630704,58.68648868
hard-sphere-seed-03,3,153,25.3,0.1,0.0121754193,0.0579456787,-78.98821868
hard-sphere-seed-03,3,154,25.4,0.1,0.0611132437,0.0587507955,4.02113413
hard-sphere-seed-03,3,155,25.5,0.1,0.0243313732,0.0607809742,-59.96876732
hard-sphere-seed-03,3,156,25.6,0.1,0.0376646458,0.0611921204,-38.44853619
hard-sphere-seed-03,3,157,25.7,0.1,0.0892452441,0.0595436918,49.88194613
hard-sphere-seed-03,3,158,25.8,0.1,0.0589519813,0.060449764,-2.4777312
hard-sphere-seed-03,3,159,25.9,0.1,0.0816304541,0.0621919054,31.25575361
hard-sphere-seed-03,3,160,26,0.1,0.0368288877,0.0618927558,-40.49564086
hard-sphere-seed-03,3,161,26.1,0.1,0.0425850779,0.0616268955,-30.89855081
hard-sphere-seed-03,3,162,26.2,0.1,0.0393664102,0.0625606178,-37.07477393
hard-sphere-seed-03,3,163,26.3,0.1,0.0989213866,0.0630261064,56.95303478
hard-sphere-seed-03,3,164,26.4,0.1,0.0423304814,0.063602473,-33.44522724
hard-sphere-seed-03,3,165,26.5,0.1,0.1228358368,0.0648929258,89.290027
hard-sphere-seed-03,3,166,26.6,0.1,0.0361328248,0.0641376025,-43.66358672
hard-sphere-seed-03,3,167,26.7,0.1,0.0620375095,0.0629480941,-1.44656426
hard-sphere-seed-03,3,168,26.8,0.1,0.1065281528,0.064552442,65.02575198
hard-sphere-seed-03,3,169,26.9,0.1,0.0462095813,0.0636403974,-27.38954631
hard-sphere-seed-03,3,170,27,0.1,0.0354542771,0.0644192115,-44.96319295
hard-sphere-seed-03,3,171,27.1,0.1,0.1052794274,0.0643648131,63.56674149
hard-sphere-seed-03,3,172,27.2,0.1,0.0477070721,0.064512253,-26.04959545
hard-sphere-seed-03,3,173,27.3,0.1,0.0747686475,0.0627217872,19.20681934
hard-sphere-seed-03,3,174,27.4,0.1,0.0506727836,0.0605334674,-16.28963986
hard-sphere-seed-03,3,175,27.5,0.1,0.0153331379,0.0605325419,-74.66959521
hard-sphere-seed-03,3,176,27.6,0.1,0.0444410073,0.0597207013,-25.5852555
hard-sphere-seed-03,3,177,27.7,0.1,0.0565223501,0.0599882602,-5.7776474
hard-sphere-seed-03,3,178,27.8,0.1,0.0869597545,0.059834519,45.3337571
hard-sphere-seed-03,3,179,27.9,0.1,0.1181922119,0.0623896857,89.44190941
hard-sphere-seed-03,3,180,28,0.1,0.0334512779,0.0645318539,-48.16315373
hard-sphere-seed-03,3,181,28.1,0.1,0.0242258446,0.0648872564,-62.66471118
hard-sphere-seed-03,3,182,28.2,0.1,0.0605063197,0.06860155,-11.80036067
hard-sphere-seed-03,3,183,28.3,0.1,0.017912257,0.0674832473,-73.45673523
hard-sphere-seed-03,3,184,28.4,0.1,0,0.0672637834,-100
hard-sphere-seed-03,3,185,28.5,0.1,0,0.065839178,-100
hard-sphere-seed-03,3,186,28.6,0.1,0.1249826918,0.0676295497,84.80485576
hard-sphere-seed-03,3,187,28.7,0.1,0.0298528431,0.0697413656,-57.19492607
hard-sphere-seed-03,3,188,28.8,0.1,0.0748090806,0.0670500942,11.57192473
hard-sphere-seed-03,3,189,28.9,0.1,0.0357912618,0.0658627774,-45.65783103
hard-sphere-seed-03,3,190,29,0.1,0.076380196,0.066290495,15.22043401
hard-sphere-seed-03,3,191,29.1,0.1,0.0877238603,0.0681015223,28.81336179
hard-sphere-seed-03,3,192,29.2,0.1,0.086868419,0.0695464437,24.90706124
hard-sphere-seed-03,3,193,29.3,0.1,0.1025925249,0.0679210747,51.04667491
hard-sphere-seed-03,3,194,29.4,0.1,0.0615005221,0.0632296142,-2.7346237
hard-sphere-seed-03,3,195,29.5,0.1,0.1020310608,0.0630970582,61.70494101
hard-sphere-seed-03,3,196,29.6,0.1,0.059206331,0.0614015497,-3.57518448
hard-sphere-seed-03,3,197,29.7,0.1,0.1032229276,0.0613998713,68.11586973
hard-sphere-seed-03,3,198,29.8,0.1,0.0707844391,0.0616563688,14.80474846
hard-sphere-seed-03,3,199,29.9,0.1,0.0618211522,0.0609559418,1.41940297
hard-sphere-seed-03,3,200,30,0.1,0.0944821656,0.0630637692,49.82004225
hard-sphere-seed-03,3,201,30.1,0.1,0.0253480433,0.0629965851,-59.76282958
hard-sphere-seed-03,3,202,30.2,0.1,0.0577927892,0.0621150513,-6.9584779
hard-sphere-seed-03,3,203,30.3,0.1,0.1431249185,0.0632535534,126.27174426
hard-sphere-seed-03,3,204,30.4,0.1,0.084663362,0.0630152582,34.35374937
hard-sphere-seed-03,3,205,30.5,0.1,0.0252639907,0.0609498725,-58.54955939
hard-sphere-seed-03,3,206,30.6,0.1,0.0363211792,0.0617558824,-41.18587942
hard-sphere-seed-03,3,207,30.7,0.1,0.0761309718,0.0607765103,25.263809
hard-sphere-seed-03,3,208,30.8,0.1,0.0585607101,0.060509963,-3.2213751
hard-sphere-seed-03,3,209,30.9,0.1,0.0326639198,0.0599845366,-45.54609959
hard-sphere-seed-03,3,210,31,0.1,0.070645602,0.0596547119,18.42417778
hard-sphere-seed-03,3,211,31.1,0.1,0.0474431441,0.0600595989,-21.00655855
hard-sphere-seed-03,3,212,31.2,0.1,0.0258807422,0.0615444412,-57.94788011
hard-sphere-seed-03,3,213,31.3,0.1,0.0791172159,0.0609093824,29.89331503
hard-sphere-seed-03,3,214,31.4,0.1,0.0905025884,0.0621777329,45.55466111
hard-sphere-seed-03,3,215,31.5,0.1,0,0.062063482,-100
hard-sphere-seed-03,3,216,31.6,0.1,0.0714588153,0.0626533291,14.05429887
hard-sphere-seed-03,3,217,31.7,0.1,0.0593727847,0.0621427664,-4.45744823
hard-sphere-seed-03,3,218,31.8,0.1,0.0832570993,0.0627424628,32.69657512
hard-sphere-seed-03,3,219,31.9,0.1,0.0551008222,0.0634354288,-13.13872508
hard-sphere-seed-03,3,220,32,0.1,0.0917469272,0.0621079366,47.72174415
hard-sphere-seed-03,3,221,32.1,0.1,0.0540277193,0.0603929715,-10.53972347
hard-sphere-seed-03,3,222,32.2,0.1,0.0623185378,0.0620224188,0.47743874
hard-sphere-seed-03,3,223,32.3,0.1,0.047298292,0.0612473173,-22.77491639
hard-sphere-seed-03,3,224,32.4,0.1,0.0890623249,0.0574769328,54.95316213
hard-sphere-seed-03,3,225,32.5,0.1,0,0.0565732441,-100
hard-sphere-seed-03,3,226,32.6,0.1,0.0540240264,0.056504839,-4.39044272
hard-sphere-seed-03,3,227,32.7,0.1,0.0124339121,0.0560086045,-77.79999655
hard-sphere-seed-03,3,228,32.8,0.1,0.064244328,0.0553025176,16.16890296
hard-sphere-seed-03,3,229,32.9,0.1,0.0749291752,0.0555942005,34.77876193
hard-sphere-seed-03,3,230,33,0.1,0.1085481566,0.0546229839,98.72249534
hard-sphere-seed-03,3,231,33.1,0.1,0.0366751865,0.0534176406,-31.34255624
hard-sphere-seed-03,3,232,33.2,0.1,0.0483635279,0.051645176,-6.35422005
hard-sphere-seed-03,3,233,33.3,0.1,0.0557579934,0.0517397077,7.76634786
hard-sphere-seed-03,3,234,33.4,0.1,0.0557077728,0.0513043098,8.58302754
hard-sphere-seed-03,3,235,33.5,0.1,0.0338229904,0.0501610291,-32.57117941
hard-sphere-seed-03,3,236,33.6,0.1,0.048908744,0.0513413395,-4.73808342
hard-sphere-seed-03,3,237,33.7,0.1,0.0051055816,0.0530460372,-90.37518754
hard-sphere-seed-03,3,238,33.8,0.1,0.0498311471,0.0501983632,-0.73153
hard-sphere-seed-03,3,239,33.9,0.1,0.0415558326,0.0482134846,-13.80869279
hard-sphere-seed-03,3,240,34,0.1,0.0639629615,0.0504220035,26.85525557
hard-sphere-seed-03,3,241,34.1,0.1,0.0235548115,0.0515506511,-54.30744132
hard-sphere-seed-03,3,242,34.2,0.1,0.0366723176,0.0525905791,-30.26827571
hard-sphere-seed-03,3,243,34.3,0.1,0.0321603407,0.0508444636,-36.74760541
hard-sphere-seed-03,3,244,34.4,0.1,0.032849421,0.0520861939,-36.9325755
hard-sphere-seed-03,3,245,34.5,0.1,0.0338887629,0.0512597862,-33.88820864
hard-sphere-seed-03,3,246,34.6,0.1,0.0482616905,0.0512382732,-5.80929549
hard-sphere-seed-03,3,247,34.7,0.1,0.0751120285,0.0513547281,46.26117436
hard-sphere-seed-03,3,248,34.8,0.1,0.0304060604,0.0521118012,-41.65225589
hard-sphere-seed-03,3,249,34.9,0.1,0.0411519041,0.0525231625,-21.64998799
hard-sphere-seed-03,3,250,35,0.1,0.0527267762,0.0542774667,-2.85696926
hard-sphere-seed-03,3,251,35.1,0.1,0.0436922495,0.0531820399,-17.84397591
hard-sphere-seed-03,3,252,35.2,0.1,0.1478303356,0.0529179319,179.35773412
hard-sphere-seed-03,3,253,35.3,0.1,0.087425344,0.0555073413,57.50230873
hard-sphere-seed-03,3,254,35.4,0.1,0.0886580588,0.0563582573,57.31156902
hard-sphere-seed-03,3,255,35.5,0.1,0.1250748517,0.0554708897,125.47835878
hard-sphere-seed-03,3,256,35.6,0.1,0.0602882919,0.0541336474,11.36935125
hard-sphere-seed-03,3,257,35.7,0.1,0.1119574993,0.0557713345,100.74380559
hard-sphere-seed-03,3,258,35.8,0.1,0.0674037361,0.057254905,17.72569719
hard-sphere-seed-03,3,259,35.9,0.1,0.0450992607,0.0594526296,-24.14252988
hard-sphere-seed-03,3,260,36,0.1,0.0110308597,0.0603457686,-81.72057467
hard-sphere-seed-03,3,261,36.1,0.1,0.0460522573,0.0593725363,-22.43508502
hard-sphere-seed-03,3,262,36.2,0.1,0.1475581795,0.0583063085,153.07412394
hard-sphere-seed-03,3,263,36.3,0.1,0.1149333961,0.0573574441,100.38095801
hard-sphere-seed-03,3,264,36.4,0.1,0.0221657358,0.0570300343,-61.13322377
hard-sphere-seed-03,3,265,36.5,0.1,0,0.059490218,-100
hard-sphere-seed-03,3,266,36.6,0.1,0.0263572895,0.0583222409,-54.80748155
hard-sphere-seed-03,3,267,36.7,0.1,0.0990430143,0.0580610762,70.58418633
hard-sphere-seed-03,3,268,36.8,0.1,0.0589189852,0.057510765,2.44862021
hard-sphere-seed-03,3,269,36.9,0.1,0.0660044165,0.0589193903,12.02494838
hard-sphere-seed-03,3,270,37,0.1,0.1330311556,0.0563574643,136.04886625
hard-sphere-seed-03,3,271,37.1,0.1,0.2176906733,0.0561787505,287.496467
hard-sphere-seed-03,3,272,37.2,0.1,0.0369637288,0.0556242591,-33.54746756
hard-sphere-seed-03,3,273,37.3,0.1,0.0755165658,0.053288376,41.71301787
hard-sphere-seed-03,3,274,37.4,0.1,0.0345835483,0.0543280053,-36.34305536
hard-sphere-seed-03,3,275,37.5,0.1,0.1441883351,0.0522617145,175.89667966
hard-sphere-seed-03,3,276,37.6,0.1,0.0560351319,0.0529577523,5.8110088
hard-sphere-seed-03,3,277,37.7,0.1,0.0264272597,0.0523905905,-49.5572402
hard-sphere-seed-03,3,278,37.8,0.1,0.0310140104,0.0525707065,-41.00514813
hard-sphere-seed-03,3,279,37.9,0.1,0.0600533063,0.0519051685,15.69812418
hard-sphere-seed-03,3,280,38,0.1,0.0580161858,0.052132864,11.28524567
hard-sphere-seed-03,3,281,38.1,0.1,0.0940681429,0.0531121662,77.11223189
hard-sphere-seed-03,3,282,38.2,0.1,0.0238382522,0.0536926033,-55.60235345
hard-sphere-seed-03,3,283,38.3,0.1,0.0232391359,0.0517456631,-55.08969348
hard-sphere-seed-03,3,284,38.4,0.1,0.0252133832,0.0525654452,-52.03430098
hard-sphere-seed-03,3,285,38.5,0.1,0.0900881574,0.0518135883,73.86975206
hard-sphere-seed-03,3,286,38.6,0.1,0.0506327093,0.0539163495,-6.09024932
hard-sphere-seed-03,3,287,38.7,0.1,0.0807781973,0.0563007698,43.47618622
hard-sphere-seed-03,3,288,38.8,0.1,0.0469845301,0.0549092841,-14.43244824
hard-sphere-seed-03,3,289,38.9,0.1,0.0791326529,0.0572258844,38.28122313
hard-sphere-seed-03,3,290,39,0.1,0.0572901392,0.0587130137,-2.4234398
hard-sphere-seed-03,3,291,39.1,0.1,0.0674016684,0.0583844946,15.44446664
hard-sphere-seed-03,3,292,39.2,0.1,0.085535379,0.0591408047,44.63005604
hard-sphere-seed-03,3,293,39.3,0.1,0.0746753257,0.0602803823,23.87998018
hard-sphere-seed-03,3,294,39.4,0.1,0.0897696434,0.0599531753,49.73292554
hard-sphere-seed-03,3,295,39.5,0.1,0.1005821383,0.059027881,70.39767752
hard-sphere-seed-03,3,296,39.6,0.1,0.0621497864,0.0586586066,5.95169233
hard-sphere-seed-03,3,297,39.7,0.1,0.0558999612,0.0573936084,-2.60246268
hard-sphere-seed-03,3,298,39.8,0.1,0,0.0580820891,-100
hard-sphere-seed-03,3,299,39.9,0.1,0.0562287037,0.0578346054,-2.77671413
hard-sphere-seed-03,3,300,40,0.1,0.0728379879,0.0556900613,30.79171781
hard-sphere-seed-03,3,301,40.1,0.1,0.0360211484,0.0570509062,-36.86139133
hard-sphere-seed-03,3,302,40.2,0.1,0.0555819252,0.0596946541,-6.88960996
hard-sphere-seed-03,3,303,40.3,0.1,0.040481025,0.0584114192,-30.69672754
hard-sphere-seed-03,3,304,40.4,0.1,0.1095857993,0.0573384456,91.12098021
hard-sphere-seed-03,3,305,40.5,0.1,0.089600398,0.0572906787,56.3961191
hard-sphere-seed-03,3,306,40.6,0.1,0.0835926407,0.0594411798,40.6308572
hard-sphere-seed-03,3,307,40.7,0.1,0.0872995784,0.0592362229,47.37532908
hard-sphere-seed-03,3,308,40.8,0.1,0.0304819132,0.0594674768,-48.74187558
hard-sphere-seed-03,3,309,40.9,0.1,0.0457675283,0.0594608825,-23.02918102
hard-sphere-seed-03,3,310,41,0.1,0.0458538112,0.0581973741,-21.20982791
hard-sphere-seed-03,3,311,41.1,0.1,0.0216648866,0.0601943056,-64.00841181
hard-sphere-seed-03,3,312,41.2,0.1,0.0144554034,0.059383416,-75.65750776
hard-sphere-seed-03,3,313,41.3,0.1,0.0577269673,0.0580113334,-0.49019052
hard-sphere-seed-03,3,314,41.4,0.1,0.0612673995,0.0590513647,3.75272408
hard-sphere-seed-03,3,315,41.5,0.1,0.0402985271,0.0568133362,-29.06854312
hard-sphere-seed-03,3,316,41.6,0.1,0.0697456213,0.0566723949,23.06806764
hard-sphere-seed-03,3,317,41.7,0.1,0.0371996449,0.0545562057,-31.81409074
hard-sphere-seed-03,3,318,41.8,0.1,0.0746053884,0.0551823961,35.19780514
hard-sphere-seed-03,3,319,41.9,0.1,0.0693824068,0.0551627372,25.77767222
hard-sphere-seed-03,3,320,42,0.1,0.064744831,0.0559363704,15.74728659
hard-sphere-seed-03,3,321,42.1,0.1,0.079384434,0.0566478099,40.13681039
hard-sphere-seed-03,3,322,42.2,0.1,0.070210139,0.0530660954,32.30696266
hard-sphere-seed-03,3,323,42.3,0.1,0.02740608,0.0517978913,-47.09035575
hard-sphere-seed-03,3,324,42.4,0.1,0.0315220927,0.053664672,-41.26099817
hard-sphere-seed-03,3,325,42.5,0.1,0.1033453297,0.0527298007,95.99036658
hard-sphere-seed-03,3,326,42.6,0.1,0.0599188778,0.0532578379,12.50715429
hard-sphere-seed-03,3,327,42.7,0.1,0.0215249745,0.0534153355,-59.70263173
hard-sphere-seed-03,3,328,42.8,0.1,0,0.0539184379,-100
hard-sphere-seed-03,3,329,42.9,0.1,0.0769170232,0.0550566662,39.70519561
hard-sphere-seed-03,3,330,43,0.1,0.1194901593,0.0560825947,113.06103943
hard-sphere-seed-03,3,331,43.1,0.1,0.1025436769,0.0580558387,76.62939546
hard-sphere-seed-03,3,332,43.2,0.1,0.0378016257,0.0590267437,-35.95847682
hard-sphere-seed-03,3,333,43.3,0.1,0,0.0597850125,-100
hard-sphere-seed-03,3,334,43.4,0.1,0.055234525,0.0588258132,-6.10495291
hard-sphere-seed-03,3,335,43.5,0.1,0.0260052421,0.0591179846,-56.01128449
hard-sphere-seed-03,3,336,43.6,0.1,0.0404918222,0.0594364134,-31.87371195
hard-sphere-seed-03,3,337,43.7,0.1,0.0756913331,0.0589454082,28.40921013
hard-sphere-seed-03,3,338,43.8,0.1,0.1332707778,0.0595327994,123.86109682
hard-sphere-seed-03,3,339,43.9,0.1,0.072285473,0.0612411242,18.03420324
hard-sphere-seed-03,3,340,44,0.1,0.0834017015,0.060667711,37.47296556
hard-sphere-seed-03,3,341,44.1,0.1,0,0.0625160795,-100
hard-sphere-seed-03,3,342,44.2,0.1,0.0482335237,0.0619870712,-22.18776782
hard-sphere-seed-03,3,343,44.3,0.1,0.1529617219,0.0626171877,144.28072789
hard-sphere-seed-03,3,344,44.4,0.1,0.0311923756,0.062659494,-50.21923483
hard-sphere-seed-03,3,345,44.5,0.1,0.0206117245,0.0603036377,-65.8200976
hard-sphere-seed-03,3,346,44.6,0.1,0.1031563261,0.0605806411,70.27935695
hard-sphere-seed-03,3,347,44.7,0.1,0.0091072115,0.0590922578,-84.58814772
hard-sphere-seed-03,3,348,44.8,0.1,0.0759524487,0.0604703926,25.60270489
hard-sphere-seed-03,3,349,44.9,0.1,0.0577837011,0.0574678538,0.54960681
hard-sphere-seed-03,3,350,45,0.1,0.0853632062,0.0576822711,47.98863591
hard-sphere-seed-03,3,351,45.1,0.1,0.0468522695,0.0567217499,-17.39981656
hard-sphere-seed-03,3,352,45.2,0.1,0.0287916172,0.0572526998,-49.71133704
hard-sphere-seed-03,3,353,45.3,0.1,0.059787589,0.0567195859,5.40907174
hard-sphere-seed-03,3,354,45.4,0.1,0.1944740353,0.0578519426,236.1581766
hard-sphere-seed-03,3,355,45.5,0.1,0.0558907249,0.0573714756,-2.58098776
hard-sphere-seed-03,3,356,45.6,0.1,0.0968149547,0.0586758824,64.9995718
hard-sphere-seed-03,3,357,45.7,0.1,0.082818261,0.057735743,43.44365684
hard-sphere-seed-03,3,358,45.8,0.1,0.0685960026,0.0607636824,12.88980518
hard-sphere-seed-03,3,359,45.9,0.1,0.057536654,0.0613417565,-6.20311964
hard-sphere-seed-03,3,360,46,0.1,0.0614370521,0.058677347,4.70318659
hard-sphere-seed-03,3,361,46.1,0.1,0.0223230744,0.0568867378,-60.75873698
hard-sphere-seed-03,3,362,46.2,0.1,0.0362458653,0.0569214918,-36.32305804
hard-sphere-seed-03,3,363,46.3,0.1,0.0791743688,0.0549377346,44.11655193
hard-sphere-seed-03,3,364,46.4,0.1,0.0767542416,0.0560882597,36.84546814
hard-sphere-seed-03,3,365,46.5,0.1,0.0369030352,0.0557866031,-33.84964638
hard-sphere-seed-03,3,366,46.6,0.1,0.0447183214,0.0554211795,-19.3118554
hard-sphere-seed-03,3,367,46.7,0.1,0.0667680882,0.0565937423,17.97786365
hard-sphere-seed-03,3,368,46.8,0.1,0.0258946524,0.0567760386,-54.39158309
hard-sphere-seed-03,3,369,46.9,0.1,0.1143903013,0.0576366513,98.46798668
hard-sphere-seed-03,3,370,47,0.1,0.1470376503,0.0592742827,148.06314592
hard-sphere-seed-03,3,371,47.1,0.1,0.0707482346,0.0585997964,20.73119513
hard-sphere-seed-03,3,372,47.2,0.1,0.1568567159,0.0603824452,159.77205037
hard-sphere-seed-03,3,373,47.3,0.1,0.0216415859,0.0565479189,-61.72876679
hard-sphere-seed-03,3,374,47.4,0.1,0.1300814885,0.0564533964,130.42278545
hard-sphere-seed-03,3,375,47.5,0.1,0.1599627537,0.0565892697,182.67329582
hard-sphere-seed-03,3,376,47.6,0.1,0.0578846566,0.0578284128,0.09725975
hard-sphere-seed-03,3,377,47.7,0.1,0.0074333481,0.0576817779,-87.11317791
hard-sphere-seed-03,3,378,47.8,0.1,0.1168961159,0.0588697501,98.56737225
hard-sphere-seed-03,3,379,47.9,0.1,0.0174378866,0.0593103714,-70.59892522
hard-sphere-seed-03,3,380,48,0.1,0.0920680817,0.0586883363,56.87628514
hard-sphere-seed-03,3,381,48.1,0.1,0.0443044234,0.0597015596,-25.79017413
hard-sphere-seed-03,3,382,48.2,0.1,0.1472516978,0.0584258715,152.03166662
hard-sphere-seed-03,3,383,48.3,0.1,0.0737218213,0.0574706319,28.27738088
hard-sphere-seed-03,3,384,48.4,0.1,0.0779534299,0.0597314757,30.50645243
hard-sphere-seed-03,3,385,48.5,0.1,0.122509182,0.0605083822,102.46646418
hard-sphere-seed-03,3,386,48.6,0.1,0.1416813507,0.0583146152,142.96027692
hard-sphere-seed-03,3,387,48.7,0.1,0.0662826403,0.0579630304,14.35330399
hard-sphere-seed-03,3,388,48.8,0.1,0.0259095285,0.0574485378,-54.89958574
hard-sphere-seed-03,3,389,48.9,0.1,0.0347628981,0.0574818429,-39.52368895
hard-sphere-seed-03,3,390,49,0.1,0.0437563428,0.0559101271,-21.73807313
hard-sphere-seed-03,3,391,49.1,0.1,0.0465502611,0.0564695357,-17.5657094
hard-sphere-seed-03,3,392,49.2,0.1,0.0426944526,0.0549023263,-22.23562194
hard-sphere-seed-03,3,393,49.3,0.1,0.0933206224,0.0571588093,63.26551158
hard-sphere-seed-03,3,394,49.4,0.1,0.081523811,0.0560924132,45.33839131
hard-sphere-seed-03,3,395,49.5,0.1,0.0760592657,0.0563929455,34.87372401
hard-sphere-seed-03,3,396,49.6,0.1,0.0145439106,0.0540471771,-73.09034174
hard-sphere-seed-03,3,397,49.7,0.1,0.0655885197,0.0566812473,15.71467264
hard-sphere-seed-03,3,398,49.8,0.1,0.0718610324,0.0562583889,27.73389674
hard-sphere-seed-03,3,399,49.9,0.1,0.0557853849,0.0562063665,-0.74899273
hard-sphere-seed-03,3,400,50,0.1,0.0478250411,0.0570596934,-16.1841955
hard-sphere-seed-03,3,401,50.1,0.1,0.08862228,0.0579423132,52.94915774
hard-sphere-seed-03,3,402,50.2,0.1,0.1180990986,0.058357567,102.37152542
hard-sphere-seed-03,3,403,50.3,0.1,0.0454895229,0.0590520034,-22.96701154
hard-sphere-seed-03,3,404,50.4,0.1,0.0507863228,0.0565985388,-10.26919795
hard-sphere-seed-03,3,405,50.5,0.1,0.083147735,0.0573876255,44.88791678
hard-sphere-seed-03,3,406,50.6,0.1,0.0811969383,0.0571142986,42.16569275
hard-sphere-seed-03,3,407,50.7,0.1,0.0455580093,0.0582187771,-21.74688026
hard-sphere-seed-03,3,408,50.8,0.1,0.0659254714,0.0585231513,12.64853299
hard-sphere-seed-03,3,409,50.9,0.1,0.0670238085,0.0588262821,13.93514275
hard-sphere-seed-03,3,410,51,0.1,0.0261973078,0.0598446487,-56.2244773
hard-sphere-seed-03,3,411,51.1,0.1,0.0725884518,0.057364862,26.53817911
hard-sphere-seed-03,3,412,51.2,0.1,0.0321234348,0.0574009126,-44.03671759
hard-sphere-seed-03,3,413,51.3,0.1,0.0901119911,0.058114917,55.05828049
hard-sphere-seed-03,3,414,51.4,0.1,0.0152518746,0.0619862072,-75.39472844
hard-sphere-seed-03,3,415,51.5,0.1,0.0560477728,0.0641820161,-12.67371106
hard-sphere-seed-03,3,416,51.6,0.1,0.0467617831,0.0636954753,-26.58539265
hard-sphere-seed-03,3,417,51.7,0.1,0.1381184142,0.0641512152,115.30132156
hard-sphere-seed-03,3,418,51.8,0.1,0.0175716572,0.0643220813,-72.6817652
hard-sphere-seed-03,3,419,51.9,0.1,0.0677419325,0.0629711563,7.57612932
hard-sphere-seed-03,3,420,52,0.1,0,0.0624999742,-100
hard-sphere-seed-03,3,421,52.1,0.1,0.0323880036,0.0639646404,-49.36576923
hard-sphere-seed-03,3,422,52.2,0.1,0.0276374929,0.0637030201,-56.61509782
hard-sphere-seed-03,3,423,52.3,0.1,0.0997919637,0.063910113,56.14424549
hard-sphere-seed-03,3,424,52.4,0.1,0.068156794,0.0650880765,4.71471529
hard-sphere-seed-03,3,425,52.5,0.1,0.038997924,0.0636155762,-38.69752285
hard-sphere-seed-03,3,426,52.6,0.1,0.0178007544,0.0636610652,-72.03823978
hard-sphere-seed-03,3,427,52.7,0.1,0.0772596145,0.064253959,20.24101816
hard-sphere-seed-03,3,428,52.8,0.1,0.1445397218,0.0627574623,130.3147968
hard-sphere-seed-03,3,429,52.9,0.1,0.0992210732,0.0629763107,57.55301005
hard-sphere-seed-03,3,430,53,0.1,0.1039523438,0.0615741785,68.82457274
hard-sphere-seed-03,3,431,53.1,0.1,0.0543418428,0.0600720807,-9.53893698
hard-sphere-seed-03,3,432,53.2,0.1,0.0350795837,0.0611591115,-42.64209726
hard-sphere-seed-03,3,433,53.3,0.1,0.0366503467,0.0590927347,-37.97825255
hard-sphere-seed-03,3,434,53.4,0.1,0.1173355015,0.0613101736,91.3801488
hard-sphere-seed-03,3,435,53.5,0.1,0.1087024622,0.0621257216,74.97175
hard-sphere-seed-03,3,436,53.6,0.1,0.0598184732,0.0621054898,-3.68247095
hard-sphere-seed-03,3,437,53.7,0.1,0.0143875177,0.0608895995,-76.37114089
hard-sphere-seed-03,3,438,53.8,0.1,0.0495181566,0.0600390496,-17.52341696
hard-sphere-seed-03,3,439,53.9,0.1,0.0736319591,0.0614791514,19.76736411
hard-sphere-seed-03,3,440,54,0.1,0.051588402,0.0578072751,-10.75794194
hard-sphere-seed-03,3,441,54.1,0.1,0.059793044,0.0566373384,5.57177593
hard-sphere-seed-03,3,442,54.2,0.1,0.0512396482,0.0576513813,-11.12156023
hard-sphere-seed-03,3,443,54.3,0.1,0.0348695746,0.0564979694,-38.28172053
hard-sphere-seed-03,3,444,54.4,0.1,0.0048778291,0.0577707664,-91.55657895
hard-sphere-seed-03,3,445,54.5,0.1,0.0700279306,0.0601110895,16.49752347
hard-sphere-seed-03,3,446,54.6,0.1,0.0846544801,0.0611956168,38.33422144
hard-sphere-seed-03,3,447,54.7,0.1,0.0599690204,0.0610259063,-1.73186433
hard-sphere-seed-03,3,448,54.8,0.1,0.0978698892,0.0611613265,60.0192389
hard-sphere-seed-03,3,449,54.9,0.1,0.0399965682,0.0599420244,-33.27457892
hard-sphere-seed-03,3,450,55,0.1,0.0525658468,0.0571346919,-7.9966215
hard-sphere-seed-03,3,451,55.1,0.1,0.0514247136,0.060047023,-14.35926201
hard-sphere-seed-03,3,452,55.2,0.1,0.0247515331,0.05800524,-57.32879814
hard-sphere-seed-03,3,453,55.3,0.1,0.1038790292,0.0593580466,75.00412349
hard-sphere-seed-03,3,454,55.4,0.1,0.0310434367,0.0590955469,-47.4690762
hard-sphere-seed-03,3,455,55.5,0.1,0.020860898,0.0549785285,-62.05628168
hard-sphere-seed-03,3,456,55.6,0.1,0.0745396382,0.0556419937,33.96291772
hard-sphere-seed-03,3,457,55.7,0.1,0.0515381146,0.0552640501,-6.74206005
hard-sphere-seed-03,3,458,55.8,0.1,0.0470892703,0.0544599813,-13.53417826
hard-sphere-seed-03,3,459,55.9,0.1,0.0638188929,0.0553405957,15.32021308
hard-sphere-seed-03,3,460,56,0.1,0.0340923878,0.055033043,-38.0510581
hard-sphere-seed-03,3,461,56.1,0.1,0.0996204424,0.0554973601,79.50483078
hard-sphere-seed-03,3,462,56.2,0.1,0.0627083352,0.0564007644,11.18348459
hard-sphere-seed-03,3,463,56.3,0.1,0.0383780523,0.054190122,-29.17887833
hard-sphere-seed-03,3,464,56.4,0.1,0.0156146674,0.0544401844,-71.31775432
hard-sphere-seed-03,3,465,56.5,0.1,0.0900445566,0.0545637073,65.02646376
hard-sphere-seed-03,3,466,56.6,0.1,0.0562877368,0.0540334994,4.17192562
hard-sphere-seed-03,3,467,56.7,0.1,0.0195676292,0.0564050866,-65.30875066
hard-sphere-seed-03,3,468,56.8,0.1,0.0895550974,0.0595269887,50.44452848
hard-sphere-seed-03,3,469,56.9,0.1,0.1153745939,0.0595520451,93.73741707
hard-sphere-seed-03,3,470,57,0.1,0.0939370067,0.0605931942,55.02897302
hard-sphere-seed-03,3,471,57.1,0.1,0.0768778429,0.0585157183,31.37981568
hard-sphere-seed-03,3,472,57.2,0.1,0.0365891685,0.0564596293,-35.19410425
hard-sphere-seed-03,3,473,57.3,0.1,0.0277186461,0.0569115054,-51.29518024
hard-sphere-seed-03,3,474,57.4,0.1,0.0925353343,0.0565208675,63.71888535
hard-sphere-seed-03,3,475,57.5,0.1,0.1009238638,0.0568682354,77.46965978
hard-sphere-seed-03,3,476,57.6,0.1,0.0487364486,0.0558168024,-12.68498645
hard-sphere-seed-03,3,477,57.7,0.1,0.035991715,0.0534467847,-32.65878347
hard-sphere-seed-03,3,478,57.8,0.1,0.057908991,0.0530903631,9.07627617
hard-sphere-seed-03,3,479,57.9,0.1,0.0599420156,0.0534065206,12.23726037
hard-sphere-seed-03,3,480,58,0.1,0.0751840076,0.0516055699,45.68971501
hard-sphere-seed-03,3,481,58.1,0.1,0.0102774327,0.0532913382,-80.71462816
hard-sphere-seed-03,3,482,58.2,0.1,0.0862090066,0.0551621689,56.28284453
hard-sphere-seed-03,3,483,58.3,0.1,0,0.0544175451,-100
hard-sphere-seed-03,3,484,58.4,0.1,0.0486264532,0.0577498331,-15.79810618
hard-sphere-seed-03,3,485,58.5,0.1,0.1217992891,0.060702395,100.64989039
hard-sphere-seed-03,3,486,58.6,0.1,0.0697105035,0.0608584174,14.54537676
hard-sphere-seed-03,3,487,58.7,0.1,0.0871750478,0.0616500283,41.4030944
hard-sphere-seed-03,3,488,58.8,0.1,0.0070110302,0.0620862755,-88.70760053
hard-sphere-seed-03,3,489,58.9,0.1,0.1528451579,0.062602934,144.15015113
hard-sphere-seed-03,3,490,59,0.1,0.1193889764,0.0626750006,90.48899107
hard-sphere-seed-03,3,491,59.1,0.1,0.1446425165,0.0620685018,133.03690656
hard-sphere-seed-03,3,492,59.2,0.1,0.0152931364,0.0634295502,-75.88957147
hard-sphere-seed-03,3,493,59.3,0.1,0,0.0610051935,-100
hard-sphere-seed-03,3,494,59.4,0.1,0.0504557215,0.0613081687,-17.70147022
hard-sphere-seed-03,3,495,59.5,0.1,0.0260903443,0.0601598237,-56.63161442
hard-sphere-seed-03,3,496,59.6,0.1,0.1178153521,0.0615427165,91.43671077
hard-sphere-seed-03,3,497,59.7,0.1,0.1032304471,0.0601265847,71.68852599
hard-sphere-seed-03,3,498,59.8,0.1,0.0678250719,0.0600683609,12.91313895
hard-sphere-seed-03,3,499,59.9,0.1,0.053875746,0.0587539309,-8.30273784
hard-sphere-seed-03,3,500,60,0.1,0.0313563179,0.0606140279,-48.26887609
hard-sphere-seed-03,3,501,60.1,0.1,0,0.0603082346,-100
hard-sphere-seed-03,3,502,60.2,0.1,0.066436494,0.0614230168,8.16221265
hard-sphere-seed-03,3,503,60.3,0.1,0,0.060105594,-100
hard-sphere-seed-03,3,504,60.4,0.1,0.0726575506,0.0583532994,24.51318315
hard-sphere-seed-03,3,505,60.5,0.1,0.055315889,0.0572797842,-3.42860094
hard-sphere-seed-03,3,506,60.6,0.1,0.0636853916,0.0578502519,10.08662804
hard-sphere-seed-03,3,507,60.7,0.1,0.1147020201,0.0573658811,99.94815348
hard-sphere-seed-03,3,508,60.8,0.1,0.0300922729,0.0560658869,-46.32694749
hard-sphere-seed-03,3,509,60.9,0.1,0.0716639989,0.0588740199,21.72431754
hard-sphere-seed-03,3,510,61,0.1,0.0490870139,0.0571564412,-14.1181417
hard-sphere-seed-03,3,511,61.1,0.1,0.0400299556,0.0546159254,-26.70644075
hard-sphere-seed-03,3,512,61.2,0.1,0.0301843537,0.0553151298,-45.43201143
hard-sphere-seed-03,3,513,61.3,0.1,0.041946501,0.0513281391,-18.27776786
hard-sphere-seed-03,3,514,61.4,0.1,0.019454663,0.0518591475,-62.48557118
hard-sphere-seed-03,3,515,61.5,0.1,0.0442490841,0.0534843722,-17.26726467
hard-sphere-seed-03,3,516,61.6,0.1,0.0219214812,0.0546132163,-59.8604831
hard-sphere-seed-03,3,517,61.7,0.1,0.0221737474,0.0556544994,-60.15821245
hard-sphere-seed-03,3,518,61.8,0.1,0.0716942539,0.0584080987,22.74711111
hard-sphere-seed-03,3,519,61.9,0.1,0.0517728369,0.0586053114,-11.65845597
hard-sphere-seed-03,3,520,62,0.1,0.0630717794,0.0565884907,11.45690335
hard-sphere-seed-03,3,521,62.1,0.1,0.0076300846,0.0547824498,-86.07202737
hard-sphere-seed-03,3,522,62.2,0.1,0.0268208867,0.0562289118,-52.30054095
hard-sphere-seed-03,3,523,62.3,0.1,0.0908532009,0.0564030066,61.07864867
hard-sphere-seed-03,3,524,62.4,0.1,0.0769890646,0.0567161889,35.74442509
hard-sphere-seed-03,3,525,62.5,0.1,0.0540072893,0.0578282151,-6.60737295
hard-sphere-seed-03,3,526,62.6,0.1,0.0846695802,0.0573359138,47.67285386
hard-sphere-seed-03,3,527,62.7,0.1,0.0176657495,0.0577961808,-69.43439988
hard-sphere-seed-03,3,528,62.8,0.1,0.0252536791,0.0574730785,-56.05998529
hard-sphere-seed-03,3,529,62.9,0.1,0.1266209135,0.0554389033,128.39721933
hard-sphere-seed-03,3,530,63,0.1,0.0512511734,0.0555090629,-7.6706205
hard-sphere-seed-03,3,531,63.1,0.1,0.0859889242,0.054335216,58.25633999
hard-sphere-seed-03,3,532,63.2,0.1,0.0138065201,0.0527928071,-73.84772505
hard-sphere-seed-03,3,533,63.3,0.1,0.058760194,0.0536786916,9.46651683
hard-sphere-seed-03,3,534,63.4,0.1,0.0228490684,0.0529950909,-56.88455656
hard-sphere-seed-03,3,535,63.5,0.1,0.061839036,0.0514054907,20.29655799
hard-sphere-seed-03,3,536,63.6,0.1,0.0801562363,0.0525762102,52.45723488
hard-sphere-seed-03,3,537,63.7,0.1,0.0491740453,0.053866808,-8.71178913
hard-sphere-seed-03,3,538,63.8,0.1,0.0276310526,0.0564383704,-51.04207929
hard-sphere-seed-03,3,539,63.9,0.1,0.0254168231,0.0565922548,-55.0878064
hard-sphere-seed-03,3,540,64,0.1,0.1194253752,0.0570576881,109.30636916
hard-sphere-seed-03,3,541,64.1,0.1,0.0466498479,0.058297899,-19.9802245
hard-sphere-seed-03,3,542,64.2,0.1,0.0639543626,0.0575442286,11.13949076
hard-sphere-seed-03,3,543,64.3,0.1,0.0941520902,0.0580656227,62.14773185
hard-sphere-seed-03,3,544,64.4,0.1,0.0305061049,0.058956579,-48.25665704
hard-sphere-seed-03,3,545,64.5,0.1,0,0.0601884077,-100
hard-sphere-seed-03,3,546,64.6,0.1,0.0681138605,0.0600585712,13.41238917
hard-sphere-seed-03,3,547,64.7,0.1,0.0892418632,0.060016445,48.69568365
hard-sphere-seed-03,3,548,64.8,0.1,0.0843280633,0.0600092288,40.52515749
hard-sphere-seed-03,3,549,64.9,0.1,0.0833754685,0.0603255001,38.20932828
hard-sphere-seed-03,3,550,65,0.1,0.0986774547,0.0619226284,59.35605007
hard-sphere-seed-03,3,551,65.1,0.1,0.0368712848,0.0621099811,-40.63549175
hard-sphere-seed-03,3,552,65.2,0.1,0.0364205917,0.063132184,-42.3105786
hard-sphere-seed-03,3,553,65.3,0.1,0.0567367815,0.064955454,-12.65278285
hard-sphere-seed-03,3,554,65.4,0.1,0.0629473653,0.0645087815,-2.42047076
hard-sphere-seed-03,3,555,65.5,0.1,0.0930368867,0.0610571523,52.37672117
hard-sphere-seed-03,3,556,65.6,0.1,0.0580012279,0.060972387,-4.87295845
hard-sphere-seed-03,3,557,65.7,0.1,0.124653976,0.0606527744,105.52064971
hard-sphere-seed-03,3,558,65.8,0.1,0.016698585,0.062976481,-73.48441081
hard-sphere-seed-03,3,559,65.9,0.1,0.0325192515,0.0615294562,-47.14848227
hard-sphere-seed-03,3,560,66,0.1,0.0666325257,0.0619716266,7.52102114
hard-sphere-seed-03,3,561,66.1,0.1,0.0352294257,0.060031197,-41.31480379
hard-sphere-seed-03,3,562,66.2,0.1,0.1092456783,0.0618727224,76.56517112
hard-sphere-seed-03,3,563,66.3,0.1,0.1095712145,0.0603371566,81.59824015
hard-sphere-seed-03,3,564,66.4,0.1,0.1181472226,0.0607572229,94.45790471
hard-sphere-seed-03,3,565,66.5,0.1,0.0083776591,0.0612407371,-86.32012046
hard-sphere-seed-03,3,566,66.6,0.1,0.0642819949,0.0633799461,1.42324003
hard-sphere-seed-03,3,567,66.7,0.1,0.111049378,0.0619649991,79.21307116
hard-sphere-seed-03,3,568,66.8,0.1,0.0587210793,0.0622295807,-5.6379962
hard-sphere-seed-03,3,569,66.9,0.1,0.0239907512,0.0603283213,-60.23302053
hard-sphere-seed-03,3,570,67,0.1,0.0553707848,0.0595566141,-7.02831984
hard-sphere-seed-03,3,571,67.1,0.1,0.0275075071,0.0613495329,-55.16264624
hard-sphere-seed-03,3,572,67.2,0.1,0.1099600056,0.0609360931,80.45135491
hard-sphere-seed-03,3,573,67.3,0.1,0.0685353693,0.0595340128,15.1196871
hard-sphere-seed-03,3,574,67.4,0.1,0.0881692791,0.0600269228,46.88289015
hard-sphere-seed-03,3,575,67.5,0.1,0.0744024843,0.0592977779,25.47263464
hard-sphere-seed-03,3,576,67.6,0.1,0.0482953574,0.0589523458,-18.07729321
hard-sphere-seed-03,3,577,67.7,0.1,0.0553775399,0.060094871,-7.84980642
hard-sphere-seed-03,3,578,67.8,0.1,0.1045154425,0.0608626468,71.7234592
hard-sphere-seed-03,3,579,67.9,0.1,0.0915848223,0.0629950645,45.38412333
hard-sphere-seed-03,3,580,68,0.1,0.0556919794,0.0610638125,-8.79708122
hard-sphere-seed-03,3,581,68.1,0.1,0.096606828,0.0597192103,61.76842853
hard-sphere-seed-03,3,582,68.2,0.1,0.0877583462,0.0602681736,45.61308386
hard-sphere-seed-03,3,583,68.3,0.1,0.0577600559,0.0601143527,-3.91636386
hard-sphere-seed-03,3,584,68.4,0.1,0.0315188941,0.0604001527,-47.81653241
hard-sphere-seed-03,3,585,68.5,0.1,0.1776060072,0.0604773211,193.67373415
hard-sphere-seed-03,3,586,68.6,0.1,0.0309189021,0.058523961,-47.16881502
hard-sphere-seed-03,3,587,68.7,0.1,0.1118408054,0.057095591,95.8834361
hard-sphere-seed-03,3,588,68.8,0.1,0.023370012,0.0563592767,-58.53386804
hard-sphere-seed-03,3,589,68.9,0.1,0.0957643142,0.0550233137,74.04316041
hard-sphere-seed-03,3,590,69,0.1,0.0985692929,0.0568088244,73.510531
hard-sphere-seed-03,3,591,69.1,0.1,0.1177053433,0.0530387853,121.92315058
hard-sphere-seed-03,3,592,69.2,0.1,0.0575703583,0.053203362,8.20812106
hard-sphere-seed-03,3,593,69.3,0.1,0.0633771783,0.0534814253,18.50315872
hard-sphere-seed-03,3,594,69.4,0.1,0.0767127183,0.0546228847,40.44062076
hard-sphere-seed-03,3,595,69.5,0.1,0.0702285119,0.0547353639,28.305554
hard-sphere-seed-03,3,596,69.6,0.1,0.0788425715,0.0551017916,43.0853139
hard-sphere-seed-03,3,597,69.7,0.1,0.1298353014,0.0556434721,133.33429141
hard-sphere-seed-03,3,598,69.8,0.1,0.0359254827,0.0567394606,-36.68342578
hard-sphere-seed-03,3,599,69.9,0.1,0.0617707851,0.0578360081,6.80333439
hard-sphere-seed-03,3,600,70,0.1,0.0375799171,0.0561971332,-33.12840892
hard-sphere-seed-04,4,1,10.1,0.1,0.0734438711,0.0596630806,23.09768508
hard-sphere-seed-04,4,2,10.2,0.1,0.0478104727,0.0597529631,-19.98644051
hard-sphere-seed-04,4,3,10.3,0.1,0.0672902048,0.0586471549,14.73737297
hard-sphere-seed-04,4,4,10.4,0.1,0.0188689399,0.0587092926,-67.86038618
hard-sphere-seed-04,4,5,10.5,0.1,0.047812802,0.0581995454,-17.84677762
hard-sphere-seed-04,4,6,10.6,0.1,0.0086776418,0.05768906,-84.95790749
hard-sphere-seed-04,4,7,10.7,0.1,0.0445131032,0.0594465613,-25.12081062
hard-sphere-seed-04,4,8,10.8,0.1,0.1312552279,0.0620626848,111.48815623
hard-sphere-seed-04,4,9,10.9,0.1,0.0281125529,0.0614209256,-54.22968216
hard-sphere-seed-04,4,10,11,0.1,0.0391602752,0.060396659,-35.16152082
hard-sphere-seed-04,4,11,11.1,0.1,0.1342682431,0.0614482433,118.50623553
hard-sphere-seed-04,4,12,11.2,0.1,0.0312333529,0.0600678395,-48.00320244
hard-sphere-seed-04,4,13,11.3,0.1,0.077654066,0.059686768,30.10264866
hard-sphere-seed-04,4,14,11.4,0.1,0.0553120143,0.0614011289,-9.91694244
hard-sphere-seed-04,4,15,11.5,0.1,0.055677765,0.0597120911,-6.75629691
hard-sphere-seed-04,4,16,11.6,0.1,0.1250532054,0.060442925,106.89469504
hard-sphere-seed-04,4,17,11.7,0.1,0.0681442917,0.0597834172,13.98527354
hard-sphere-seed-04,4,18,11.8,0.1,0.1033151238,0.0573050671,80.28968295
hard-sphere-seed-04,4,19,11.9,0.1,0.0153488887,0.0578140231,-73.45127033
hard-sphere-seed-04,4,20,12,0.1,0.0612437658,0.0571103072,7.23767543
hard-sphere-seed-04,4,21,12.1,0.1,0.0992442348,0.0568940798,74.43683968
hard-sphere-seed-04,4,22,12.2,0.1,0.0311004531,0.0579502177,-46.33246552
hard-sphere-seed-04,4,23,12.3,0.1,0.0588291377,0.0587717952,0.09756808
hard-sphere-seed-04,4,24,12.4,0.1,0.06224988,0.0587863476,5.89172919
hard-sphere-seed-04,4,25,12.5,0.1,0.0618977173,0.0594437368,4.1282406
hard-sphere-seed-04,4,26,12.6,0.1,0.0828063002,0.0583912927,41.81275382
hard-sphere-seed-04,4,27,12.7,0.1,0.09214309,0.0594445823,55.00670768
hard-sphere-seed-04,4,28,12.8,0.1,0.1335624587,0.0602284202,121.75985742
hard-sphere-seed-04,4,29,12.9,0.1,0.0201902338,0.0609190311,-66.85726374
hard-sphere-seed-04,4,30,13,0.1,0.2108665332,0.0616886282,241.82399496
hard-sphere-seed-04,4,31,13.1,0.1,0.1537730745,0.0654318126,135.01270758
hard-sphere-seed-04,4,32,13.2,0.1,0.0516173084,0.0645296208,-20.00989983
hard-sphere-seed-04,4,33,13.3,0.1,0.0208570974,0.0671153747,-68.92351791
hard-sphere-seed-04,4,34,13.4,0.1,0.048355101,0.0679679716,-28.85604817
hard-sphere-seed-04,4,35,13.5,0.1,0.0202724043,0.0687190264,-70.49957587
hard-sphere-seed-04,4,36,13.6,0.1,0.0540372707,0.0636039387,-15.0409994
hard-sphere-seed-04,4,37,13.7,0.1,0.0572497014,0.0635994634,-9.98398687
hard-sphere-seed-04,4,38,13.8,0.1,0.1366286919,0.0621704098,119.76482427
hard-sphere-seed-04,4,39,13.9,0.1,0.0718773699,0.0613795799,17.10306575
hard-sphere-seed-04,4,40,14,0.1,0.1417240833,0.0631616712,124.38304862
hard-sphere-seed-04,4,41,14.1,0.1,0.0192525966,0.0649090313,-70.33910966
hard-sphere-seed-04,4,42,14.2,0.1,0.0638364604,0.0629459041,1.41479622
hard-sphere-seed-04,4,43,14.3,0.1,0.0452778239,0.0622392621,-27.25199114
hard-sphere-seed-04,4,44,14.4,0.1,0.0742998879,0.0644434133,15.29477426
hard-sphere-seed-04,4,45,14.5,0.1,0.0486149839,0.0647377251,-24.90470764
hard-sphere-seed-04,4,46,14.6,0.1,0.0902103063,0.062562741,44.19174246
hard-sphere-seed-04,4,47,14.7,0.1,0.0734660199,0.0620272123,18.44159548
hard-sphere-seed-04,4,48,14.8,0.1,0.0403765453,0.0620597872,-34.93927847
hard-sphere-seed-04,4,49,14.9,0.1,0.031063769,0.0622295013,-50.08192525
hard-sphere-seed-04,4,50,15,0.1,0.0237744839,0.0621131675,-61.72392289
hard-sphere-seed-04,4,51,15.1,0.1,0.1125235503,0.0601203653,87.1637834
hard-sphere-seed-04,4,52,15.2,0.1,0.0337033738,0.0603834955,-44.18446057
hard-sphere-seed-04,4,53,15.3,0.1,0.0634761805,0.0587232413,8.09379566
hard-sphere-seed-04,4,54,15.4,0.1,0.0433863614,0.0583545174,-25.65038086
hard-sphere-seed-04,4,55,15.5,0.1,0.0605734137,0.0609423886,-0.60544863
hard-sphere-seed-04,4,56,15.6,0.1,0.0346680401,0.0599050911,-42.12839107
hard-sphere-seed-04,4,57,15.7,0.1,0.1451345674,0.0607975471,138.71780097
hard-sphere-seed-04,4,58,15.8,0.1,0.0156725632,0.058860351,-73.37330991
hard-sphere-seed-04,4,59,15.9,0.1,0.1409523183,0.0610918731,130.72188017
hard-sphere-seed-04,4,60,16,0.1,0.0895821402,0.0621199684,44.20828355
hard-sphere-seed-04,4,61,16.1,0.1,0.1320315462,0.060812591,117.11218691
hard-sphere-seed-04,4,62,16.2,0.1,0.0234634454,0.0592825546,-60.42099475
hard-sphere-seed-04,4,63,16.3,0.1,0.0732684468,0.0608902046,20.32879057
hard-sphere-seed-04,4,64,16.4,0.1,0.050204151,0.0594628745,-15.57059526
hard-sphere-seed-04,4,65,16.5,0.1,0.0717432574,0.0590453081,21.50543305
hard-sphere-seed-04,4,66,16.6,0.1,0.0486892317,0.0567021684,-14.1316232
hard-sphere-seed-04,4,67,16.7,0.1,0.031799398,0.0571076343,-44.31673041
hard-sphere-seed-04,4,68,16.8,0.1,0.0274698043,0.058109224,-52.72729116
hard-sphere-seed-04,4,69,16.9,0.1,0.0372960681,0.061867537,-39.71625529
hard-sphere-seed-04,4,70,17,0.1,0.0534432677,0.062544193,-14.55119152
hard-sphere-seed-04,4,71,17.1,0.1,0.030933283,0.0603594479,-48.75154751
hard-sphere-seed-04,4,72,17.2,0.1,0.0368352391,0.0599201787,-38.52615286
hard-sphere-seed-04,4,73,17.3,0.1,0.0540953018,0.0608758533,-11.13832675
hard-sphere-seed-04,4,74,17.4,0.1,0.0063386835,0.0599225024,-89.42186451
hard-sphere-seed-04,4,75,17.5,0.1,0.0299970475,0.0605108553,-50.42699797
hard-sphere-seed-04,4,76,17.6,0.1,0.0509801987,0.0586170737,-13.02841386
hard-sphere-seed-04,4,77,17.7,0.1,0.075697718,0.0585649996,29.25419364
hard-sphere-seed-04,4,78,17.8,0.1,0.1232884501,0.0599608632,105.61486862
hard-sphere-seed-04,4,79,17.9,0.1,0.1414998209,0.0587742452,140.75140479
hard-sphere-seed-04,4,80,18,0.1,0.1193182112,0.0561915446,112.34193163
hard-sphere-seed-04,4,81,18.1,0.1,0.0688437489,0.0554674508,24.11558105
hard-sphere-seed-04,4,82,18.2,0.1,0.1254852516,0.0547476733,129.20654724
hard-sphere-seed-04,4,83,18.3,0.1,0,0.0547919866,-100
hard-sphere-seed-04,4,84,18.4,0.1,0.0569628557,0.0563438842,1.09856026
hard-sphere-seed-04,4,85,18.5,0.1,0.0156645435,0.0543922509,-71.20078083
hard-sphere-seed-04,4,86,18.6,0.1,0.0374615177,0.0553041384,-32.26272246
hard-sphere-seed-04,4,87,18.7,0.1,0.0850386707,0.0562327118,51.2263379
hard-sphere-seed-04,4,88,18.8,0.1,0.0501303141,0.0532615713,-5.87901764
hard-sphere-seed-04,4,89,18.9,0.1,0.0615721234,0.0536699167,14.72371696
hard-sphere-seed-04,4,90,19,0.1,0.0266715455,0.0544397791,-51.00724893
hard-sphere-seed-04,4,91,19.1,0.1,0.0320004227,0.0572003917,-44.0555882
hard-sphere-seed-04,4,92,19.2,0.1,0.0089934536,0.0581172139,-84.52531872
hard-sphere-seed-04,4,93,19.3,0.1,0.0860291526,0.0565150304,52.22349164
hard-sphere-seed-04,4,94,19.4,0.1,0.1269795334,0.0555819659,128.45455592
hard-sphere-seed-04,4,95,19.5,0.1,0.0344623072,0.0565022976,-39.00724626
hard-sphere-seed-04,4,96,19.6,0.1,0.0323209186,0.0566678359,-42.96426163
hard-sphere-seed-04,4,97,19.7,0.1,0.1111942105,0.0560277809,98.46263511
hard-sphere-seed-04,4,98,19.8,0.1,0.0675632764,0.0584026823,15.68522837
hard-sphere-seed-04,4,99,19.9,0.1,0.0597212285,0.0584700737,2.1398208
hard-sphere-seed-04,4,100,20,0.1,0.038039073,0.0577228428,-34.10048574
hard-sphere-seed-04,4,101,20.1,0.1,0.0279231444,0.0599468046,-53.4201287
hard-sphere-seed-04,4,102,20.2,0.1,0.0363867437,0.0606828863,-40.03788229
hard-sphere-seed-04,4,103,20.3,0.1,0.1069040088,0.0623550844,71.44393261
hard-sphere-seed-04,4,104,20.4,0.1,0.0427536012,0.0652522937,-34.47954283
hard-sphere-seed-04,4,105,20.5,0.1,0.0169745672,0.0638592029,-73.41876126
hard-sphere-seed-04,4,106,20.6,0.1,0.1087646252,0.0630844492,72.4111513
hard-sphere-seed-04,4,107,20.7,0.1,0.0411923873,0.0661923571,-37.76866526
hard-sphere-seed-04,4,108,20.8,0.1,0.0481348461,0.0634504109,-24.13784961
hard-sphere-seed-04,4,109,20.9,0.1,0.0622164966,0.0637410379,-2.39177359
hard-sphere-seed-04,4,110,21,0.1,0.0684922924,0.0635141542,7.83784071
hard-sphere-seed-04,4,111,21.1,0.1,0.0735367915,0.0612662943,20.02813669
hard-sphere-seed-04,4,112,21.2,0.1,0.0545107473,0.0626218984,-12.95257948
hard-sphere-seed-04,4,113,21.3,0.1,0.0365993834,0.0605713481,-39.57640942
hard-sphere-seed-04,4,114,21.4,0.1,0.0607463002,0.0616201985,-1.41820108
hard-sphere-seed-04,4,115,21.5,0.1,0.0382385288,0.0626857513,-38.99964821
hard-sphere-seed-04,4,116,21.6,0.1,0.0983979215,0.0616263508,59.66858378
hard-sphere-seed-04,4,117,21.7,0.1,0.075067039,0.0627924882,19.54780115
hard-sphere-seed-04,4,118,21.8,0.1,0.0173378804,0.0608999613,-71.53055603
hard-sphere-seed-04,4,119,21.9,0.1,0.0938497855,0.0606683722,54.69309955
hard-sphere-seed-04,4,120,22,0.1,0.0273187856,0.0619012567,-55.86715518
hard-sphere-seed-04,4,121,22.1,0.1,0.0914554087,0.0616863104,48.25884083
hard-sphere-seed-04,4,122,22.2,0.1,0.098096128,0.0619989908,58.22213678
hard-sphere-seed-04,4,123,22.3,0.1,0.0143703545,0.0647145047,-77.79422932
hard-sphere-seed-04,4,124,22.4,0.1,0.0791276436,0.0654066338,20.97800946
hard-sphere-seed-04,4,125,22.5,0.1,0.0843088997,0.0659354567,27.86580084
hard-sphere-seed-04,4,126,22.6,0.1,0.0821912216,0.0664076673,23.76766868
hard-sphere-seed-04,4,127,22.7,0.1,0.0724907946,0.0665455791,8.93405033
hard-sphere-seed-04,4,128,22.8,0.1,0.0507749625,0.0657605509,-22.78811263
hard-sphere-seed-04,4,129,22.9,0.1,0.1287862483,0.0631398189,103.96993624
hard-sphere-seed-04,4,130,23,0.1,0.0571902262,0.0622599499,-8.14283299
hard-sphere-seed-04,4,131,23.1,0.1,0.0563078268,0.0617798942,-8.85735969
hard-sphere-seed-04,4,132,23.2,0.1,0.249168542,0.062719689,297.27324211
hard-sphere-seed-04,4,133,23.3,0.1,0.0059553209,0.0638205677,-90.66864949
hard-sphere-seed-04,4,134,23.4,0.1,0.0832989986,0.0644311629,29.28371133
hard-sphere-seed-04,4,135,23.5,0.1,0.0602166891,0.0650343037,-7.40780523
hard-sphere-seed-04,4,136,23.6,0.1,0.0401848512,0.065161391,-38.33027411
hard-sphere-seed-04,4,137,23.7,0.1,0.0701596737,0.0654493567,7.19688816
hard-sphere-seed-04,4,138,23.8,0.1,0,0.064358833,-100
hard-sphere-seed-04,4,139,23.9,0.1,0.0876361601,0.0631102639,38.86197697
hard-sphere-seed-04,4,140,24,0.1,0.0332328821,0.0616262438,-46.07349071
hard-sphere-seed-04,4,141,24.1,0.1,0.0726661611,0.0627133235,15.87037188
hard-sphere-seed-04,4,142,24.2,0.1,0.0844005694,0.0629622127,34.04956059
hard-sphere-seed-04,4,143,24.3,0.1,0.1505536402,0.062252514,141.8434702
hard-sphere-seed-04,4,144,24.4,0.1,0.1140085359,0.0643848016,77.07367751
hard-sphere-seed-04,4,145,24.5,0.1,0.0881959203,0.0653243993,35.01221797
hard-sphere-seed-04,4,146,24.6,0.1,0.0710785433,0.0666980317,6.56767746
hard-sphere-seed-04,4,147,24.7,0.1,0.0347393535,0.064176428,-45.86898246
hard-sphere-seed-04,4,148,24.8,0.1,0.0683361594,0.0612646546,11.54255233
hard-sphere-seed-04,4,149,24.9,0.1,0.0488623635,0.0591004518,-17.32319806
hard-sphere-seed-04,4,150,25,0.1,0.058411362,0.0638850388,-8.56801046
hard-sphere-seed-04,4,151,25.1,0.1,0.0528951466,0.0647483031,-18.30651304
hard-sphere-seed-04,4,152,25.2,0.1,0.0670417916,0.0641759347,4.46562554
hard-sphere-seed-04,4,153,25.3,0.1,0.0706864241,0.0649044368,8.90846243
hard-sphere-seed-04,4,154,25.4,0.1,0.1044082196,0.0632179116,65.15607203
hard-sphere-seed-04,4,155,25.5,0.1,0.0706555113,0.065414601,8.01183563
hard-sphere-seed-04,4,156,25.6,0.1,0,0.0625737795,-100
hard-sphere-seed-04,4,157,25.7,0.1,0.0799484732,0.0622497175,28.43186503
hard-sphere-seed-04,4,158,25.8,0.1,0.0667426317,0.0643477216,3.7218257
hard-sphere-seed-04,4,159,25.9,0.1,0.0458149269,0.0634123011,-27.75072648
hard-sphere-seed-04,4,160,26,0.1,0.0707148034,0.0646319022,9.41160784
hard-sphere-seed-04,4,161,26.1,0.1,0.056604195,0.0647840792,-12.62638037
hard-sphere-seed-04,4,162,26.2,0.1,0.1335330123,0.0625349344,113.5334649
hard-sphere-seed-04,4,163,26.3,0.1,0.0386441029,0.0598765421,-35.46036302
hard-sphere-seed-04,4,164,26.4,0.1,0.1240246471,0.0569184337,117.89891078
hard-sphere-seed-04,4,165,26.5,0.1,0.0108013786,0.0576336331,-81.25854983
hard-sphere-seed-04,4,166,26.6,0.1,0.0220836671,0.0589298875,-62.52552314
hard-sphere-seed-04,4,167,26.7,0.1,0.1092962965,0.0594972176,83.69984503
hard-sphere-seed-04,4,168,26.8,0.1,0.108498567,0.0581711323,86.51616833
hard-sphere-seed-04,4,169,26.9,0.1,0.0649267118,0.0601274468,7.98182068
hard-sphere-seed-04,4,170,27,0.1,0.0480912248,0.0602335002,-20.15867482
hard-sphere-seed-04,4,171,27.1,0.1,0,0.0573978704,-100
hard-sphere-seed-04,4,172,27.2,0.1,0.1160586365,0.0563790198,105.85429988
hard-sphere-seed-04,4,173,27.3,0.1,0.0486118256,0.0549858625,-11.59213773
hard-sphere-seed-04,4,174,27.4,0.1,0.0972647668,0.0546235165,78.06390547
hard-sphere-seed-04,4,175,27.5,0.1,0.053936726,0.0538012511,0.25180621
hard-sphere-seed-04,4,176,27.6,0.1,0.020115387,0.0568485419,-64.61582593
hard-sphere-seed-04,4,177,27.7,0.1,0,0.0576763974,-100
hard-sphere-seed-04,4,178,27.8,0.1,0.1171554745,0.056014036,109.15378152
hard-sphere-seed-04,4,179,27.9,0.1,0.0684008522,0.0541154441,26.39802419
hard-sphere-seed-04,4,180,28,0.1,0.0509196795,0.0565680417,-9.98507633
hard-sphere-seed-04,4,181,28.1,0.1,0.0654097374,0.0570029477,14.74799127
hard-sphere-seed-04,4,182,28.2,0.1,0.0259193667,0.0550223066,-52.89298418
hard-sphere-seed-04,4,183,28.3,0.1,0.111096085,0.0547781892,102.81080229
hard-sphere-seed-04,4,184,28.4,0.1,0.1333031906,0.0561569007,137.37633107
hard-sphere-seed-04,4,185,28.5,0.1,0.0173775837,0.0615297996,-71.75745116
hard-sphere-seed-04,4,186,28.6,0.1,0.0715697277,0.0627453561,14.06378438
hard-sphere-seed-04,4,187,28.7,0.1,0.0102234482,0.0637422978,-83.96128072
hard-sphere-seed-04,4,188,28.8,0.1,0.0312133801,0.0627854709,-50.28566384
hard-sphere-seed-04,4,189,28.9,0.1,0.1161706749,0.0618276543,87.89435928
hard-sphere-seed-04,4,190,29,0.1,0.0885102075,0.061884008,43.02597782
hard-sphere-seed-04,4,191,29.1,0.1,0.043825125,0.0594391861,-26.26896867
hard-sphere-seed-04,4,192,29.2,0.1,0.0460868148,0.0594601149,-22.49121125
hard-sphere-seed-04,4,193,29.3,0.1,0.072084263,0.0576707883,24.99267833
hard-sphere-seed-04,4,194,29.4,0.1,0.1005424864,0.0589826879,70.46101151
hard-sphere-seed-04,4,195,29.5,0.1,0.0774218944,0.0583098374,32.77672828
hard-sphere-seed-04,4,196,29.6,0.1,0.0868557634,0.0597630041,45.33366362
hard-sphere-seed-04,4,197,29.7,0.1,0,0.0607097529,-100
hard-sphere-seed-04,4,198,29.8,0.1,0.0402408508,0.0610601592,-34.09638743
hard-sphere-seed-04,4,199,29.9,0.1,0.1034972125,0.0604482562,71.21620867
hard-sphere-seed-04,4,200,30,0.1,0.1123831908,0.0619207004,81.49534829
hard-sphere-seed-04,4,201,30.1,0.1,0.0246077661,0.0609878611,-59.65137051
hard-sphere-seed-04,4,202,30.2,0.1,0,0.0593766668,-100
hard-sphere-seed-04,4,203,30.3,0.1,0.0353098137,0.0597353766,-40.8896106
hard-sphere-seed-04,4,204,30.4,0.1,0.0398953609,0.0599562887,-33.45925551
hard-sphere-seed-04,4,205,30.5,0.1,0.0699569639,0.0602504042,16.11036442
hard-sphere-seed-04,4,206,30.6,0.1,0.0803689222,0.0621247063,29.36708603
hard-sphere-seed-04,4,207,30.7,0.1,0.1163487822,0.0620476616,87.51517663
hard-sphere-seed-04,4,208,30.8,0.1,0.0765805754,0.0626550851,22.22563476
hard-sphere-seed-04,4,209,30.9,0.1,0.0477510813,0.0649583898,-26.48973991
hard-sphere-seed-04,4,210,31,0.1,0.0740431583,0.0660783537,12.05357606
hard-sphere-seed-04,4,211,31.1,0.1,0.0475656103,0.0635743312,-25.18110779
hard-sphere-seed-04,4,212,31.2,0.1,0.0335066047,0.0620571207,-46.0068332
hard-sphere-seed-04,4,213,31.3,0.1,0.1218040773,0.0622440411,95.68793269
hard-sphere-seed-04,4,214,31.4,0.1,0.1265253374,0.0612284536,106.64467243
hard-sphere-seed-04,4,215,31.5,0.1,0.0495872327,0.0598873935,-17.19921361
hard-sphere-seed-04,4,216,31.6,0.1,0.0657852459,0.0602837265,9.126044
hard-sphere-seed-04,4,217,31.7,0.1,0.0612451093,0.0578335882,5.89885773
hard-sphere-seed-04,4,218,31.8,0.1,0.0673009383,0.0594834751,13.14224373
hard-sphere-seed-04,4,219,31.9,0.1,0.047144778,0.0605938933,-22.19549616
hard-sphere-seed-04,4,220,32,0.1,0.0503367137,0.0619765397,-18.78101952
hard-sphere-seed-04,4,221,32.1,0.1,0.045321639,0.0625207759,-27.50947454
hard-sphere-seed-04,4,222,32.2,0.1,0.126698226,0.0619738625,104.43816295
hard-sphere-seed-04,4,223,32.3,0.1,0.0241164431,0.0624311825,-61.37115755
hard-sphere-seed-04,4,224,32.4,0.1,0.0217099962,0.0658826703,-67.04748591
hard-sphere-seed-04,4,225,32.5,0.1,0.0624570879,0.0644182859,-3.04447401
hard-sphere-seed-04,4,226,32.6,0.1,0.0565179158,0.0613983,-7.94872856
hard-sphere-seed-04,4,227,32.7,0.1,0.1897072794,0.0636738591,197.9358909
hard-sphere-seed-04,4,228,32.8,0.1,0.061552454,0.0635710297,-3.1753076
hard-sphere-seed-04,4,229,32.9,0.1,0.0536358741,0.0642130728,-16.4720333
hard-sphere-seed-04,4,230,33,0.1,0.0769559199,0.0625537391,23.0236929
hard-sphere-seed-04,4,231,33.1,0.1,0.0951078582,0.062443692,52.30979328
hard-sphere-seed-04,4,232,33.2,0.1,0.0285346229,0.0614569933,-53.56977077
hard-sphere-seed-04,4,233,33.3,0.1,0.0879572426,0.0603642628,45.71078739
hard-sphere-seed-04,4,234,33.4,0.1,0.0853843533,0.060049881,42.18904657
hard-sphere-seed-04,4,235,33.5,0.1,0.0792267666,0.0570334509,38.91280519
hard-sphere-seed-04,4,236,33.6,0.1,0.071058706,0.0585473014,21.36973735
hard-sphere-seed-04,4,237,33.7,0.1,0.0824292742,0.0579696099,42.19394313
hard-sphere-seed-04,4,238,33.8,0.1,0.0778846852,0.0575883676,35.24378001
hard-sphere-seed-04,4,239,33.9,0.1,0.0249750367,0.0560164079,-55.41478362
hard-sphere-seed-04,4,240,34,0.1,0.0746469973,0.0583917337,27.83829582
hard-sphere-seed-04,4,241,34.1,0.1,0.0594255833,0.0614350113,-3.27081898
hard-sphere-seed-04,4,242,34.2,0.1,0.0565726542,0.0609947498,-7.24996105
hard-sphere-seed-04,4,243,34.3,0.1,0.1142669125,0.0612222428,86.64280699
hard-sphere-seed-04,4,244,34.4,0.1,0.0056844676,0.0600909321,-90.54022389
hard-sphere-seed-04,4,245,34.5,0.1,0.0750634087,0.057903651,29.63501858
hard-sphere-seed-04,4,246,34.6,0.1,0.1437841825,0.057414588,150.43144496
hard-sphere-seed-04,4,247,34.7,0.1,0.0260912548,0.0559591432,-53.37445634
hard-sphere-seed-04,4,248,34.8,0.1,0.0533794021,0.0553077607,-3.48659677
hard-sphere-seed-04,4,249,34.9,0.1,0,0.0550183242,-100
hard-sphere-seed-04,4,250,35,0.1,0.078190771,0.058077361,34.63210035
hard-sphere-seed-04,4,251,35.1,0.1,0.1240293079,0.0593910581,108.83498597
hard-sphere-seed-04,4,252,35.2,0.1,0.0685598862,0.0608587998,12.65402291
hard-sphere-seed-04,4,253,35.3,0.1,0.0593303973,0.0625003151,-5.07184302
hard-sphere-seed-04,4,254,35.4,0.1,0.0235083569,0.0633953351,-62.91784431
hard-sphere-seed-04,4,255,35.5,0.1,0.0753759204,0.0628110588,20.0042187
hard-sphere-seed-04,4,256,35.6,0.1,0.0695749215,0.0614735992,13.17853909
hard-sphere-seed-04,4,257,35.7,0.1,0.0341798839,0.0592569528,-42.31920087
hard-sphere-seed-04,4,258,35.8,0.1,0,0.0557940577,-100
hard-sphere-seed-04,4,259,35.9,0.1,0.0655336061,0.0562360632,16.53306155
hard-sphere-seed-04,4,260,36,0.1,0,0.0574651715,-100
hard-sphere-seed-04,4,261,36.1,0.1,0.044888832,0.0584738156,-23.23259309
hard-sphere-seed-04,4,262,36.2,0.1,0.086296296,0.0577059484,49.54488817
hard-sphere-seed-04,4,263,36.3,0.1,0.0158167842,0.0570518149,-72.27645746
hard-sphere-seed-04,4,264,36.4,0.1,0.0575191192,0.0570923129,0.74757239
hard-sphere-seed-04,4,265,36.5,0.1,0.0740142642,0.0582760117,27.00639938
hard-sphere-seed-04,4,266,36.6,0.1,0,0.0610409048,-100
hard-sphere-seed-04,4,267,36.7,0.1,0.0697599145,0.0601218397,16.03090467
hard-sphere-seed-04,4,268,36.8,0.1,0.0412813557,0.0594615492,-30.57470537
hard-sphere-seed-04,4,269,36.9,0.1,0.0888324244,0.0634434353,40.01830767
hard-sphere-seed-04,4,270,37,0.1,0.0811715859,0.0643615603,26.11811395
hard-sphere-seed-04,4,271,37.1,0.1,0.1335202477,0.0637677674,109.38516936
hard-sphere-seed-04,4,272,37.2,0.1,0.0408296723,0.0652479821,-37.4238543
hard-sphere-seed-04,4,273,37.3,0.1,0.1525507688,0.0677122706,125.29264997
hard-sphere-seed-04,4,274,37.4,0.1,0.139823333,0.067840407,106.10627084
hard-sphere-seed-04,4,275,37.5,0.1,0.060186932,0.0688326546,-12.56049569
hard-sphere-seed-04,4,276,37.6,0.1,0.032707504,0.0651685446,-49.81090314
hard-sphere-seed-04,4,277,37.7,0.1,0.0438929021,0.0651605575,-32.63884815
hard-sphere-seed-04,4,278,37.8,0.1,0.0848027756,0.0666840119,27.1710762
hard-sphere-seed-04,4,279,37.9,0.1,0,0.0644643137,-100
hard-sphere-seed-04,4,280,38,0.1,0.0669037287,0.0631647295,5.91944151
hard-sphere-seed-04,4,281,38.1,0.1,0.0081652885,0.0626595511,-86.96880471
hard-sphere-seed-04,4,282,38.2,0.1,0.0819123864,0.0605165616,35.35532125
hard-sphere-seed-04,4,283,38.3,0.1,0.0604680532,0.0579018383,4.4320095
hard-sphere-seed-04,4,284,38.4,0.1,0.1026702122,0.0606925616,69.16440752
hard-sphere-seed-04,4,285,38.5,0.1,0.0529164037,0.0607777904,-12.93463715
hard-sphere-seed-04,4,286,38.6,0.1,0.0705085178,0.060702881,16.15349501
hard-sphere-seed-04,4,287,38.7,0.1,0.0785990877,0.0591770976,32.8201128
hard-sphere-seed-04,4,288,38.8,0.1,0.0553771266,0.0603739658,-8.27648008
hard-sphere-seed-04,4,289,38.9,0.1,0.044683665,0.0591628008,-24.47337787
hard-sphere-seed-04,4,290,39,0.1,0.0698899583,0.0610260413,14.52481073
hard-sphere-seed-04,4,291,39.1,0.1,0.0746563178,0.0593297319,25.83289269
hard-sphere-seed-04,4,292,39.2,0.1,0.0879044583,0.0625601009,40.51201484
hard-sphere-seed-04,4,293,39.3,0.1,0.0649579128,0.0633130208,2.59803122
hard-sphere-seed-04,4,294,39.4,0.1,0.036654956,0.0622214374,-41.08950634
hard-sphere-seed-04,4,295,39.5,0.1,0.0769588036,0.0621317902,23.86381166
hard-sphere-seed-04,4,296,39.6,0.1,0.0548627125,0.0622716553,-11.8977771
hard-sphere-seed-04,4,297,39.7,0.1,0.0154127644,0.0626453447,-75.39679207
hard-sphere-seed-04,4,298,39.8,0.1,0.0860516935,0.0615117843,39.89464706
hard-sphere-seed-04,4,299,39.9,0.1,0.0731142855,0.0629031762,16.23305829
hard-sphere-seed-04,4,300,40,0.1,0.0737554627,0.0625875577,17.84365036
hard-sphere-seed-04,4,301,40.1,0.1,0.099469312,0.0620730666,60.24552596
hard-sphere-seed-04,4,302,40.2,0.1,0.0216753732,0.0650506575,-66.67924046
hard-sphere-seed-04,4,303,40.3,0.1,0.0868009784,0.0686250766,26.48580183
hard-sphere-seed-04,4,304,40.4,0.1,0.031576917,0.0719690733,-56.12432463
hard-sphere-seed-04,4,305,40.5,0.1,0.0403701035,0.0658146596,-38.66092494
hard-sphere-seed-04,4,306,40.6,0.1,0.1117266051,0.0667986005,67.25890101
hard-sphere-seed-04,4,307,40.7,0.1,0.0856914313,0.0655536221,30.7195979
hard-sphere-seed-04,4,308,40.8,0.1,0.1267490236,0.0663073488,91.15380998
hard-sphere-seed-04,4,309,40.9,0.1,0.1078868857,0.0679581744,58.75483219
hard-sphere-seed-04,4,310,41,0.1,0.0135919391,0.0652716861,-79.17636285
hard-sphere-seed-04,4,311,41.1,0.1,0.0655065263,0.0659966598,-0.7426641
hard-sphere-seed-04,4,312,41.2,0.1,0.0422899839,0.0666839558,-36.58147092
hard-sphere-seed-04,4,313,41.3,0.1,0.0376785942,0.066865483,-43.65015769
hard-sphere-seed-04,4,314,41.4,0.1,0.0206467281,0.0651124571,-68.29066347
hard-sphere-seed-04,4,315,41.5,0.1,0.0202440702,0.0624466171,-67.58179847
hard-sphere-seed-04,4,316,41.6,0.1,0.0200792722,0.0609574659,-67.06019199
hard-sphere-seed-04,4,317,41.7,0.1,0.0554708941,0.0609759301,-9.02821159
hard-sphere-seed-04,4,318,41.8,0.1,0.0844033508,0.0624474758,35.15894723
hard-sphere-seed-04,4,319,41.9,0.1,0.1153351446,0.0632237127,82.42387195
hard-sphere-seed-04,4,320,42,0.1,0.0670413914,0.0651262745,2.940621
hard-sphere-seed-04,4,321,42.1,0.1,0.0505083124,0.0633075638,-20.21757059
hard-sphere-seed-04,4,322,42.2,0.1,0.0784760511,0.0634387311,23.70368984
hard-sphere-seed-04,4,323,42.3,0.1,0.0982419899,0.0616433433,59.37161203
hard-sphere-seed-04,4,324,42.4,0.1,0.172551428,0.0603586594,185.8768398
hard-sphere-seed-04,4,325,42.5,0.1,0.0085168995,0.0597388596,-85.74311673
hard-sphere-seed-04,4,326,42.6,0.1,0.015417126,0.0595238572,-74.09924911
hard-sphere-seed-04,4,327,42.7,0.1,0.0545466603,0.0585435079,-6.82714057
hard-sphere-seed-04,4,328,42.8,0.1,0.0096060363,0.0573072442,-83.23765795
hard-sphere-seed-04,4,329,42.9,0.1,0.0093762917,0.0566747288,-83.45595665
hard-sphere-seed-04,4,330,43,0.1,0.032206324,0.0575843074,-44.07100575
hard-sphere-seed-04,4,331,43.1,0.1,0.0492633695,0.0576453369,-14.54058171
hard-sphere-seed-04,4,332,43.2,0.1,0.0893285524,0.0592088474,50.87027761
hard-sphere-seed-04,4,333,43.3,0.1,0.0388829896,0.0588105401,-33.8843181
hard-sphere-seed-04,4,334,43.4,0.1,0.0298494695,0.0596003211,-49.91726729
hard-sphere-seed-04,4,335,43.5,0.1,0.0157857549,0.0610177639,-74.12924719
hard-sphere-seed-04,4,336,43.6,0.1,0.0359576313,0.061774153,-41.79178587
hard-sphere-seed-04,4,337,43.7,0.1,0.0403687262,0.0614894076,-34.34848738
hard-sphere-seed-04,4,338,43.8,0.1,0.0224825594,0.061598218,-63.50128275
hard-sphere-seed-04,4,339,43.9,0.1,0.0911977189,0.0603180257,51.19480103
hard-sphere-seed-04,4,340,44,0.1,0.0520059651,0.0594723407,-12.55436635
hard-sphere-seed-04,4,341,44.1,0.1,0.0704857985,0.0622859643,13.16481865
hard-sphere-seed-04,4,342,44.2,0.1,0.0126633447,0.0640384794,-80.22541321
hard-sphere-seed-04,4,343,44.3,0.1,0.0238273812,0.0623728278,-61.79845926
hard-sphere-seed-04,4,344,44.4,0.1,0.0742375979,0.0606631001,22.37686138
hard-sphere-seed-04,4,345,44.5,0.1,0.0771867512,0.0590776113,30.65313477
hard-sphere-seed-04,4,346,44.6,0.1,0.0572931945,0.058668157,-2.34362646
hard-sphere-seed-04,4,347,44.7,0.1,0.0414666743,0.0574759252,-27.85383764
hard-sphere-seed-04,4,348,44.8,0.1,0.0284101227,0.058351695,-51.31225803
hard-sphere-seed-04,4,349,44.9,0.1,0.0226604783,0.0610588173,-62.88745948
hard-sphere-seed-04,4,350,45,0.1,0.0593428693,0.0612426643,-3.10207764
hard-sphere-seed-04,4,351,45.1,0.1,0.0483937237,0.06221079,-22.21008006
hard-sphere-seed-04,4,352,45.2,0.1,0.1139637828,0.0640249614,77.99898694
hard-sphere-seed-04,4,353,45.3,0.1,0.0942720977,0.0630390708,49.54550648
hard-sphere-seed-04,4,354,45.4,0.1,0.0982742351,0.0650104927,51.1667287
hard-sphere-seed-04,4,355,45.5,0.1,0.1110063034,0.0643945446,72.38463937
hard-sphere-seed-04,4,356,45.6,0.1,0.0403790671,0.0663050326,-39.10105224
hard-sphere-seed-04,4,357,45.7,0.1,0.078877265,0.0656617541,20.1266491
hard-sphere-seed-04,4,358,45.8,0.1,0.053168051,0.0677709181,-21.54739459
hard-sphere-seed-04,4,359,45.9,0.1,0.0684491753,0.066688651,2.6399158
hard-sphere-seed-04,4,360,46,0.1,0.0688345489,0.0627198699,9.74918949
hard-sphere-seed-04,4,361,46.1,0.1,0.0684790084,0.0601442863,13.8578785
hard-sphere-seed-04,4,362,46.2,0.1,0.0782144767,0.0592208319,32.07257356
hard-sphere-seed-04,4,363,46.3,0.1,0.0745840446,0.0596320615,25.07373157
hard-sphere-seed-04,4,364,46.4,0.1,0.083029264,0.0608678735,36.40901055
hard-sphere-seed-04,4,365,46.5,0.1,0.0432500598,0.0598781482,-27.76987743
hard-sphere-seed-04,4,366,46.6,0.1,0.0938825901,0.0594745239,57.85345379
hard-sphere-seed-04,4,367,46.7,0.1,0.0835986455,0.0597320499,39.95609665
hard-sphere-seed-04,4,368,46.8,0.1,0.1696852563,0.0598226822,183.64702145
hard-sphere-seed-04,4,369,46.9,0.1,0.0891798351,0.0598477648,49.0111374
hard-sphere-seed-04,4,370,47,0.1,0.0821075173,0.0591796786,38.7427563
hard-sphere-seed-04,4,371,47.1,0.1,0.0759103417,0.0617596454,22.91252827
hard-sphere-seed-04,4,372,47.2,0.1,0.0570504452,0.0613056507,-6.94096793
hard-sphere-seed-04,4,373,47.3,0.1,0.0851407353,0.0605362955,40.64411211
hard-sphere-seed-04,4,374,47.4,0.1,0.0182874545,0.0598391637,-69.43898713
hard-sphere-seed-04,4,375,47.5,0.1,0.0620503529,0.0600741009,3.28969047
hard-sphere-seed-04,4,376,47.6,0.1,0.0995858277,0.0619190509,60.83229033
hard-sphere-seed-04,4,377,47.7,0.1,0.0780508801,0.0601203375,29.82442098
hard-sphere-seed-04,4,378,47.8,0.1,0.0961369426,0.0584410493,64.50242385
hard-sphere-seed-04,4,379,47.9,0.1,0.040768873,0.0565239648,-27.87329562
hard-sphere-seed-04,4,380,48,0.1,0.157380671,0.0573680832,174.3348952
hard-sphere-seed-04,4,381,48.1,0.1,0.1369662938,0.0577955615,136.98410451
hard-sphere-seed-04,4,382,48.2,0.1,0.1151941266,0.0552430429,108.52241383
hard-sphere-seed-04,4,383,48.3,0.1,0.0618789851,0.0557435622,11.00651374
hard-sphere-seed-04,4,384,48.4,0.1,0.0506691795,0.056482364,-10.29203472
hard-sphere-seed-04,4,385,48.5,0.1,0.0730565341,0.0569134356,28.36430155
hard-sphere-seed-04,4,386,48.6,0.1,0.0131160038,0.0577460018,-77.28673252
hard-sphere-seed-04,4,387,48.7,0.1,0.0676449166,0.0569071145,18.86899757
hard-sphere-seed-04,4,388,48.8,0.1,0.0584529927,0.0572185089,2.15749038
hard-sphere-seed-04,4,389,48.9,0.1,0.0605528818,0.060013716,0.89840433
hard-sphere-seed-04,4,390,49,0.1,0.061972504,0.0594099509,4.31333991
hard-sphere-seed-04,4,391,49.1,0.1,0.0542286665,0.0581691821,-6.77423248
hard-sphere-seed-04,4,392,49.2,0.1,0.0976075061,0.0579402104,68.46246384
hard-sphere-seed-04,4,393,49.3,0.1,0.0542020462,0.0588893459,-7.95950383
hard-sphere-seed-04,4,394,49.4,0.1,0.0614144528,0.0584907092,4.99864617
hard-sphere-seed-04,4,395,49.5,0.1,0.0735257356,0.0597757001,23.00271753
hard-sphere-seed-04,4,396,49.6,0.1,0.0708736085,0.057884101,22.44054464
hard-sphere-seed-04,4,397,49.7,0.1,0.0302530515,0.057687515,-47.55702079
hard-sphere-seed-04,4,398,49.8,0.1,0.0140436375,0.0587309055,-76.0881646
hard-sphere-seed-04,4,399,49.9,0.1,0.0322199495,0.0579618923,-44.41183996
hard-sphere-seed-04,4,400,50,0.1,0.0268148986,0.0600651398,-55.35696961
hard-sphere-seed-04,4,401,50.1,0.1,0.1538506547,0.0591640816,160.0406373
hard-sphere-seed-04,4,402,50.2,0.1,0.0347339826,0.0584748156,-40.60009903
hard-sphere-seed-04,4,403,50.3,0.1,0.1136524368,0.0576617658,97.10190128
hard-sphere-seed-04,4,404,50.4,0.1,0.05007986,0.0588135606,-14.84980774
hard-sphere-seed-04,4,405,50.5,0.1,0.0535039565,0.059633295,-10.27838317
hard-sphere-seed-04,4,406,50.6,0.1,0.0369665321,0.0606251197,-39.02439737
hard-sphere-seed-04,4,407,50.7,0.1,0.058039312,0.0627041508,-7.43944183
hard-sphere-seed-04,4,408,50.8,0.1,0.0540907303,0.0617959754,-12.46884616
hard-sphere-seed-04,4,409,50.9,0.1,0.0513781512,0.0618643645,-16.95032897
hard-sphere-seed-04,4,410,51,0.1,0.1043481333,0.0626292186,66.61254232
hard-sphere-seed-04,4,411,51.1,0.1,0.0736149723,0.0661556239,11.27545608
hard-sphere-seed-04,4,412,51.2,0.1,0.0393534151,0.0625386588,-37.07345843
hard-sphere-seed-04,4,413,51.3,0.1,0.1229640574,0.0625145707,96.69663555
hard-sphere-seed-04,4,414,51.4,0.1,0.0984066612,0.0631533175,55.82183989
hard-sphere-seed-04,4,415,51.5,0.1,0.0457631617,0.0622260891,-26.45663193
hard-sphere-seed-04,4,416,51.6,0.1,0.0713477763,0.063084151,13.09936843
hard-sphere-seed-04,4,417,51.7,0.1,0.0776011306,0.0627696115,23.62850229
hard-sphere-seed-04,4,418,51.8,0.1,0.0651491467,0.0625149777,4.21366066
hard-sphere-seed-04,4,419,51.9,0.1,0.104726091,0.0621567223,68.48715165
hard-sphere-seed-04,4,420,52,0.1,0.0674033566,0.0618118685,9.04597813
hard-sphere-seed-04,4,421,52.1,0.1,0.0571306051,0.0586750625,-2.63222122
hard-sphere-seed-04,4,422,52.2,0.1,0.0130300155,0.0590207156,-77.92297952
hard-sphere-seed-04,4,423,52.3,0.1,0.0871910138,0.0596829399,46.09034667
hard-sphere-seed-04,4,424,52.4,0.1,0.0417668859,0.0596579964,-29.9894592
hard-sphere-seed-04,4,425,52.5,0.1,0.0793394109,0.0573888672,38.24878379
hard-sphere-seed-04,4,426,52.6,0.1,0.1147513635,0.0568004685,102.02538211
hard-sphere-seed-04,4,427,52.7,0.1,0.0610896462,0.0549593778,11.15418077
hard-sphere-seed-04,4,428,52.8,0.1,0.0370559405,0.0547831434,-32.35886405
hard-sphere-seed-04,4,429,52.9,0.1,0.0565353983,0.0560906555,0.7929
hard-sphere-seed-04,4,430,53,0.1,0.0822579734,0.0571229981,44.00149883
hard-sphere-seed-04,4,431,53.1,0.1,0.0285664208,0.057621361,-50.42390475
hard-sphere-seed-04,4,432,53.2,0.1,0.0776359161,0.0573687461,35.32789417
hard-sphere-seed-04,4,433,53.3,0.1,0.0539306007,0.0567502804,-4.96857414
hard-sphere-seed-04,4,434,53.4,0.1,0.0444282531,0.0587572295,-24.38674617
hard-sphere-seed-04,4,435,53.5,0.1,0.0687555768,0.0597997845,14.97629524
hard-sphere-seed-04,4,436,53.6,0.1,0.0133495918,0.0588173927,-77.3033261
hard-sphere-seed-04,4,437,53.7,0.1,0.0087530478,0.0567759174,-84.583168
hard-sphere-seed-04,4,438,53.8,0.1,0.0283400434,0.0581093207,-51.22978027
hard-sphere-seed-04,4,439,53.9,0.1,0.0542626359,0.0564258991,-3.83381244
hard-sphere-seed-04,4,440,54,0.1,0.0650846555,0.0556619868,16.92837297
hard-sphere-seed-04,4,441,54.1,0.1,0.0464868382,0.0561419482,-17.19767539
hard-sphere-seed-04,4,442,54.2,0.1,0.08838306,0.0567049132,55.86490653
hard-sphere-seed-04,4,443,54.3,0.1,0.0503356754,0.0550505667,-8.56465535
hard-sphere-seed-04,4,444,54.4,0.1,0.0692502289,0.0541793153,27.81672943
hard-sphere-seed-04,4,445,54.5,0.1,0.0530292821,0.0542272813,-2.20921866
hard-sphere-seed-04,4,446,54.6,0.1,0.1243417376,0.0574942337,116.26818826
hard-sphere-seed-04,4,447,54.7,0.1,0.044492536,0.0585358233,-23.99092823
hard-sphere-seed-04,4,448,54.8,0.1,0.0735130504,0.0571956855,28.52901373
hard-sphere-seed-04,4,449,54.9,0.1,0.0678496931,0.0565926776,19.89129331
hard-sphere-seed-04,4,450,55,0.1,0.0362568305,0.0566569456,-36.00637993
hard-sphere-seed-04,4,451,55.1,0.1,0.0348767346,0.0564823848,-38.25201489
hard-sphere-seed-04,4,452,55.2,0.1,0.0343859194,0.0580430922,-40.75794713
hard-sphere-seed-04,4,453,55.3,0.1,0.0507481894,0.0598334238,-15.18421277
hard-sphere-seed-04,4,454,55.4,0.1,0.0872548601,0.0593753809,46.954611
hard-sphere-seed-04,4,455,55.5,0.1,0.15700181,0.0596665992,163.13182249
hard-sphere-seed-04,4,456,55.6,0.1,0.0134167265,0.0584518092,-77.04651626
hard-sphere-seed-04,4,457,55.7,0.1,0.0326780624,0.0579122322,-43.5731258
hard-sphere-seed-04,4,458,55.8,0.1,0.0402253892,0.0595239619,-32.42151922
hard-sphere-seed-04,4,459,55.9,0.1,0.0821521597,0.0621207,32.24603022
hard-sphere-seed-04,4,460,56,0.1,0.0315545292,0.0608663399,-48.15766924
hard-sphere-seed-04,4,461,56.1,0.1,0.0738156209,0.0615779488,19.87346487
hard-sphere-seed-04,4,462,56.2,0.1,0.0610720364,0.0589953682,3.52005285
hard-sphere-seed-04,4,463,56.3,0.1,0.0643374827,0.0595131696,8.10629505
hard-sphere-seed-04,4,464,56.4,0.1,0.038570498,0.0593487546,-35.01043408
hard-sphere-seed-04,4,465,56.5,0.1,0.0731592893,0.0574707754,27.29824644
hard-sphere-seed-04,4,466,56.6,0.1,0.014205726,0.0561073717,-74.68117732
hard-sphere-seed-04,4,467,56.7,0.1,0.0696333337,0.057683308,20.71660973
hard-sphere-seed-04,4,468,56.8,0.1,0.0467425004,0.0560485814,-16.60359771
hard-sphere-seed-04,4,469,56.9,0.1,0.061403073,0.057306804,7.14796265
hard-sphere-seed-04,4,470,57,0.1,0.0629548589,0.0591869213,6.36616593
hard-sphere-seed-04,4,471,57.1,0.1,0.015100811,0.0583657904,-74.12729125
hard-sphere-seed-04,4,472,57.2,0.1,0.0683261133,0.0589918675,15.82293669
hard-sphere-seed-04,4,473,57.3,0.1,0.0632072512,0.0608566612,3.8625023
hard-sphere-seed-04,4,474,57.4,0.1,0.1237830182,0.0576731761,114.62840534
hard-sphere-seed-04,4,475,57.5,0.1,0.0797231312,0.0610294891,30.63050743
hard-sphere-seed-04,4,476,57.6,0.1,0.0260654074,0.0631458783,-58.72191802
hard-sphere-seed-04,4,477,57.7,0.1,0,0.063025731,-100
hard-sphere-seed-04,4,478,57.8,0.1,0.049860719,0.0638966108,-21.96656697
hard-sphere-seed-04,4,479,57.9,0.1,0.0740015134,0.0655074408,12.96657679
hard-sphere-seed-04,4,480,58,0.1,0.0403842731,0.0655021415,-38.34663691
hard-sphere-seed-04,4,481,58.1,0.1,0.0380134079,0.0620117105,-38.6996301
hard-sphere-seed-04,4,482,58.2,0.1,0.0477367955,0.0621496511,-23.19056553
hard-sphere-seed-04,4,483,58.3,0.1,0.0205278447,0.0607503463,-66.20950175
hard-sphere-seed-04,4,484,58.4,0.1,0.0826341724,0.0599516356,37.83472547
hard-sphere-seed-04,4,485,58.5,0.1,0.0516706941,0.0617582253,-16.33390723
hard-sphere-seed-04,4,486,58.6,0.1,0.0538838368,0.0633498708,-14.94246769
hard-sphere-seed-04,4,487,58.7,0.1,0.098105246,0.0659388775,48.78209896
hard-sphere-seed-04,4,488,58.8,0.1,0.0386828416,0.0662637433,-41.62291521
hard-sphere-seed-04,4,489,58.9,0.1,0.1263724185,0.0658136401,92.01554319
hard-sphere-seed-04,4,490,59,0.1,0.067385796,0.0634996037,6.12002595
hard-sphere-seed-04,4,491,59.1,0.1,0.0332405049,0.0594785217,-44.11343131
hard-sphere-seed-04,4,492,59.2,0.1,0.0918036467,0.0590321627,55.51462525
hard-sphere-seed-04,4,493,59.3,0.1,0.0443481661,0.0578413196,-23.32787974
hard-sphere-seed-04,4,494,59.4,0.1,0.0014457295,0.0582653167,-97.51871345
hard-sphere-seed-04,4,495,59.5,0.1,0.0837239333,0.0568912531,47.16486059
hard-sphere-seed-04,4,496,59.6,0.1,0.0410844731,0.0578754425,-29.01225228
hard-sphere-seed-04,4,497,59.7,0.1,0.1421587657,0.0577919206,145.98380575
hard-sphere-seed-04,4,498,59.8,0.1,0.0359359647,0.0554024948,-35.13655871
hard-sphere-seed-04,4,499,59.9,0.1,0.0488521256,0.0548660073,-10.96103408
hard-sphere-seed-04,4,500,60,0.1,0.1267593745,0.0548331748,131.17277973
hard-sphere-seed-04,4,501,60.1,0.1,0.0221579068,0.0583621321,-62.03376052
hard-sphere-seed-04,4,502,60.2,0.1,0.0470562343,0.057487825,-18.14573893
hard-sphere-seed-04,4,503,60.3,0.1,0.1760788298,0.0579106168,204.05276167
hard-sphere-seed-04,4,504,60.4,0.1,0.0292125044,0.0596486422,-51.02570093
hard-sphere-seed-04,4,505,60.5,0.1,0.1383591365,0.059116853,134.04347393
hard-sphere-seed-04,4,506,60.6,0.1,0.1311331782,0.0587289919,123.28525314
hard-sphere-seed-04,4,507,60.7,0.1,0.1347762012,0.0569319168,136.73223856
hard-sphere-seed-04,4,508,60.8,0.1,0,0.0563589551,-100
hard-sphere-seed-04,4,509,60.9,0.1,0.0717242245,0.0574793372,24.78262271
hard-sphere-seed-04,4,510,61,0.1,0.0545101726,0.0580939708,-6.16896741
hard-sphere-seed-04,4,511,61.1,0.1,0.0788133563,0.0598082321,31.77676976
hard-sphere-seed-04,4,512,61.2,0.1,0,0.0589121778,-100
hard-sphere-seed-04,4,513,61.3,0.1,0.0244494144,0.0570595691,-57.15107081
hard-sphere-seed-04,4,514,61.4,0.1,0.0287095871,0.0570060332,-49.63763398
hard-sphere-seed-04,4,515,61.5,0.1,0.0668319135,0.0567579478,17.74899573
hard-sphere-seed-04,4,516,61.6,0.1,0.005717359,0.0571929755,-90.00338949
hard-sphere-seed-04,4,517,61.7,0.1,0.1367537835,0.0560141857,144.14133999
hard-sphere-seed-04,4,518,61.8,0.1,0.0281331224,0.0559196547,-49.69009996
hard-sphere-seed-04,4,519,61.9,0.1,0.1155270251,0.0525237655,119.95190941
hard-sphere-seed-04,4,520,62,0.1,0.1081322953,0.0524353378,106.2202701
hard-sphere-seed-04,4,521,62.1,0.1,0.0171085734,0.0544418306,-68.5745809
hard-sphere-seed-04,4,522,62.2,0.1,0.0394041564,0.0568367953,-30.67139668
hard-sphere-seed-04,4,523,62.3,0.1,0.0918061867,0.0589831925,55.64804634
hard-sphere-seed-04,4,524,62.4,0.1,0.0868684051,0.0567830592,52.98296068
hard-sphere-seed-04,4,525,62.5,0.1,0.0676830199,0.0578215465,17.05501511
hard-sphere-seed-04,4,526,62.6,0.1,0.046196442,0.0581430681,-20.54694823
hard-sphere-seed-04,4,527,62.7,0.1,0.0966969906,0.0582419493,66.02636381
hard-sphere-seed-04,4,528,62.8,0.1,0.0409457195,0.0570902296,-28.27893702
hard-sphere-seed-04,4,529,62.9,0.1,0.0528663259,0.0563106644,-6.11667181
hard-sphere-seed-04,4,530,63,0.1,0.0919190325,0.0570802894,61.03462928
hard-sphere-seed-04,4,531,63.1,0.1,0.076555963,0.0551129612,38.90736643
hard-sphere-seed-04,4,532,63.2,0.1,0.0753291486,0.0554294546,35.90093758
hard-sphere-seed-04,4,533,63.3,0.1,0.0868121033,0.054976521,57.90759695
hard-sphere-seed-04,4,534,63.4,0.1,0.0404623161,0.0570136192,-29.03043747
hard-sphere-seed-04,4,535,63.5,0.1,0.0220712896,0.0566213749,-61.01950969
hard-sphere-seed-04,4,536,63.6,0.1,0.0774133539,0.0537773708,43.95154092
hard-sphere-seed-04,4,537,63.7,0.1,0.0794543137,0.055761864,42.48862563
hard-sphere-seed-04,4,538,63.8,0.1,0.0494731658,0.0555447732,-10.93101486
hard-sphere-seed-04,4,539,63.9,0.1,0.1169394291,0.0558985559,109.19937421
hard-sphere-seed-04,4,540,64,0.1,0.0163402488,0.0566302853,-71.14574162
hard-sphere-seed-04,4,541,64.1,0.1,0.111571743,0.0561607013,98.66515278
hard-sphere-seed-04,4,542,64.2,0.1,0.0459733367,0.0565940109,-18.76642773
hard-sphere-seed-04,4,543,64.3,0.1,0.0961383248,0.0559026028,71.97468474
hard-sphere-seed-04,4,544,64.4,0.1,0.0263751577,0.0578347786,-54.3956797
hard-sphere-seed-04,4,545,64.5,0.1,0.0730119842,0.057058758,27.95929443
hard-sphere-seed-04,4,546,64.6,0.1,0.0687791807,0.0571473331,20.35413896
hard-sphere-seed-04,4,547,64.7,0.1,0.0753384726,0.0587479078,28.24026487
hard-sphere-seed-04,4,548,64.8,0.1,0.0143763634,0.0582363983,-75.31378342
hard-sphere-seed-04,4,549,64.9,0.1,0.062322095,0.055621206,12.04736372
hard-sphere-seed-04,4,550,65,0.1,0.075116168,0.0589226588,27.48265202
hard-sphere-seed-04,4,551,65.1,0.1,0.0514215907,0.0602201606,-14.61067165
hard-sphere-seed-04,4,552,65.2,0.1,0.0263517797,0.0605971152,-56.51314485
hard-sphere-seed-04,4,553,65.3,0.1,0.1164949055,0.0618066824,88.48270273
hard-sphere-seed-04,4,554,65.4,0.1,0.0381662469,0.0592483091,-35.58255506
hard-sphere-seed-04,4,555,65.5,0.1,0.0418197936,0.0597444954,-30.00226497
hard-sphere-seed-04,4,556,65.6,0.1,0.1505399701,0.0590064494,155.12460369
hard-sphere-seed-04,4,557,65.7,0.1,0.0719299722,0.0578542045,24.32972291
hard-sphere-seed-04,4,558,65.8,0.1,0.0773036483,0.0571294468,35.3131398
hard-sphere-seed-04,4,559,65.9,0.1,0.0571636623,0.0580017205,-1.44488519
hard-sphere-seed-04,4,560,66,0.1,0.0593056819,0.0576259153,2.91495009
hard-sphere-seed-04,4,561,66.1,0.1,0.025126374,0.0578398885,-56.55874401
hard-sphere-seed-04,4,562,66.2,0.1,0.0789662365,0.0570659963,38.37703998
hard-sphere-seed-04,4,563,66.3,0.1,0.0846234378,0.0551116811,53.54900463
hard-sphere-seed-04,4,564,66.4,0.1,0.0518669504,0.0555830002,-6.68558694
hard-sphere-seed-04,4,565,66.5,0.1,0.0498678481,0.0564597155,-11.67534646
hard-sphere-seed-04,4,566,66.6,0.1,0.1218590914,0.0569120494,114.11826267
hard-sphere-seed-04,4,567,66.7,0.1,0.170056205,0.0566154254,200.37079771
hard-sphere-seed-04,4,568,66.8,0.1,0.0491904732,0.0581932375,-15.47046477
hard-sphere-seed-04,4,569,66.9,0.1,0.0915105513,0.0577017511,58.59232953
hard-sphere-seed-04,4,570,67,0.1,0.0172955697,0.0569206386,-69.61458955
hard-sphere-seed-04,4,571,67.1,0.1,0.0265236747,0.0581545854,-54.39108627
hard-sphere-seed-04,4,572,67.2,0.1,0.0503078889,0.0613857694,-18.04633312
hard-sphere-seed-04,4,573,67.3,0.1,0.0611398785,0.060469313,1.10893519
hard-sphere-seed-04,4,574,67.4,0.1,0.0654648047,0.0641514916,2.04720576
hard-sphere-seed-04,4,575,67.5,0.1,0.0759246957,0.0655271024,15.86762253
hard-sphere-seed-04,4,576,67.6,0.1,0.0621712473,0.0634518383,-2.01820949
hard-sphere-seed-04,4,577,67.7,0.1,0.0050175489,0.0627082304,-91.99857994
hard-sphere-seed-04,4,578,67.8,0.1,0.1411910916,0.0611485045,130.89868314
hard-sphere-seed-04,4,579,67.9,0.1,0.1437001796,0.0598668526,140.03296227
hard-sphere-seed-04,4,580,68,0.1,0.0855067309,0.0614554201,39.13619127
hard-sphere-seed-04,4,581,68.1,0.1,0.0747904712,0.0598978411,24.86338386
hard-sphere-seed-04,4,582,68.2,0.1,0.0596926789,0.0577764402,3.31664367
hard-sphere-seed-04,4,583,68.3,0.1,0.0228586366,0.0581407162,-60.68394393
hard-sphere-seed-04,4,584,68.4,0.1,0.0491570529,0.0589326137,-16.58769257
hard-sphere-seed-04,4,585,68.5,0.1,0.0899918174,0.0614675483,46.40541194
hard-sphere-seed-04,4,586,68.6,0.1,0.0403934195,0.0621766411,-35.03441364
hard-sphere-seed-04,4,587,68.7,0.1,0.1576480244,0.062668844,151.55725607
hard-sphere-seed-04,4,588,68.8,0.1,0.0328258298,0.0646555587,-49.22968667
hard-sphere-seed-04,4,589,68.9,0.1,0.0434832845,0.066598764,-34.7085714
hard-sphere-seed-04,4,590,69,0.1,0.0130588881,0.0672231968,-80.57383652
hard-sphere-seed-04,4,591,69.1,0.1,0.0525872413,0.0664921457,-20.91210061
hard-sphere-seed-04,4,592,69.2,0.1,0.026662253,0.0668217825,-60.09945853
hard-sphere-seed-04,4,593,69.3,0.1,0.0440731044,0.0669199587,-34.14056839
hard-sphere-seed-04,4,594,69.4,0.1,0.0225591637,0.0665687454,-66.11147838
hard-sphere-seed-04,4,595,69.5,0.1,0.131086101,0.0681360145,92.38885914
hard-sphere-seed-04,4,596,69.6,0.1,0.0929843897,0.0661773129,40.50795588
hard-sphere-seed-04,4,597,69.7,0.1,0.115662909,0.0670761971,72.43510213
hard-sphere-seed-04,4,598,69.8,0.1,0.0867908848,0.0670717291,29.4001004
hard-sphere-seed-04,4,599,69.9,0.1,0.1106924079,0.0660716344,67.53393333
hard-sphere-seed-04,4,600,70,0.1,0.0286082795,0.0658309509,-56.54281294
hard-sphere-seed-05,5,1,10.1,0.1,0.013774356,0.06212602,-77.82836234
hard-sphere-seed-05,5,2,10.2,0.1,0.0356737385,0.0604138368,-40.95104637
hard-sphere-seed-05,5,3,10.3,0.1,0.040012483,0.0611794631,-34.59817898
hard-sphere-seed-05,5,4,10.4,0.1,0.0160557741,0.0647582474,-75.20659572
hard-sphere-seed-05,5,5,10.5,0.1,0.1012310955,0.0635716537,59.23936155
hard-sphere-seed-05,5,6,10.6,0.1,0.0325584176,0.0643811113,-49.42861831
hard-sphere-seed-05,5,7,10.7,0.1,0.0471487981,0.0642770745,-26.64756687
hard-sphere-seed-05,5,8,10.8,0.1,0.1458844671,0.0625942642,133.06363429
hard-sphere-seed-05,5,9,10.9,0.1,0.1064642552,0.0611522334,74.09708402
hard-sphere-seed-05,5,10,11,0.1,0.0149711618,0.0637561517,-76.51809057
hard-sphere-seed-05,5,11,11.1,0.1,0.0653108439,0.0584835388,11.6738918
hard-sphere-seed-05,5,12,11.2,0.1,0.0258352218,0.0578938267,-55.37482445
hard-sphere-seed-05,5,13,11.3,0.1,0.0079231361,0.0597021052,-86.72888322
hard-sphere-seed-05,5,14,11.4,0.1,0.089672363,0.0597999376,49.95394082
hard-sphere-seed-05,5,15,11.5,0.1,0.1052660489,0.0573593579,83.52027074
hard-sphere-seed-05,5,16,11.6,0.1,0.0512798822,0.057288533,-10.48840065
hard-sphere-seed-05,5,17,11.7,0.1,0.1411840472,0.0581550976,142.77157629
hard-sphere-seed-05,5,18,11.8,0.1,0.0121008089,0.0576583422,-79.01290882
hard-sphere-seed-05,5,19,11.9,0.1,0.0494418863,0.0596722457,-17.14425072
hard-sphere-seed-05,5,20,12,0.1,0.0475574019,0.0595649431,-20.15873864
hard-sphere-seed-05,5,21,12.1,0.1,0.0817318065,0.0595332722,37.28760989
hard-sphere-seed-05,5,22,12.2,0.1,0.0823604165,0.056972375,44.56202053
hard-sphere-seed-05,5,23,12.3,0.1,0.0293680465,0.0584063794,-49.71774175
hard-sphere-seed-05,5,24,12.4,0.1,0.0537263414,0.0567133321,-5.26682291
hard-sphere-seed-05,5,25,12.5,0.1,0.1135300091,0.0578954327,96.09493169
hard-sphere-seed-05,5,26,12.6,0.1,0.0292679237,0.0577853539,-49.35061964
hard-sphere-seed-05,5,27,12.7,0.1,0.0768107479,0.0574933066,33.59946122
hard-sphere-seed-05,5,28,12.8,0.1,0.1643456067,0.0602199405,172.90894882
hard-sphere-seed-05,5,29,12.9,0.1,0.0341729321,0.0601400274,-43.17772447
hard-sphere-seed-05,5,30,13,0.1,0.0203546337,0.0607693582,-66.50510341
hard-sphere-seed-05,5,31,13.1,0.1,0.0282770791,0.0632757932,-55.31137947
hard-sphere-seed-05,5,32,13.2,0.1,0.0844116527,0.0647694616,30.32631522
hard-sphere-seed-05,5,33,13.3,0.1,0.0586614263,0.0633806624,-7.4458611
hard-sphere-seed-05,5,34,13.4,0.1,0,0.0632956719,-100
hard-sphere-seed-05,5,35,13.5,0.1,0.1191992951,0.0652397735,82.7095476
hard-sphere-seed-05,5,36,13.6,0.1,0.0491026054,0.0661209644,-25.73821954
hard-sphere-seed-05,5,37,13.7,0.1,0.0522475071,0.0669928609,-22.01033608
hard-sphere-seed-05,5,38,13.8,0.1,0.091556578,0.0646583462,41.6005564
hard-sphere-seed-05,5,39,13.9,0.1,0.1286827106,0.0638368422,101.58063285
hard-sphere-seed-05,5,40,14,0.1,0.0821239722,0.0635460807,29.23530653
hard-sphere-seed-05,5,41,14.1,0.1,0.0811534418,0.0626706662,29.49190859
hard-sphere-seed-05,5,42,14.2,0.1,0.0596591201,0.0588566055,1.36350811
hard-sphere-seed-05,5,43,14.3,0.1,0.0255165151,0.0596522196,-57.22453363
hard-sphere-seed-05,5,44,14.4,0.1,0.0660501811,0.0632307212,4.45900318
hard-sphere-seed-05,5,45,14.5,0.1,0.0993105776,0.0643019107,54.44420934
hard-sphere-seed-05,5,46,14.6,0.1,0.1346562112,0.0642458771,109.59510116
hard-sphere-seed-05,5,47,14.7,0.1,0.0409317325,0.0603561213,-32.182964
hard-sphere-seed-05,5,48,14.8,0.1,0.0602097062,0.0620121154,-2.90654369
hard-sphere-seed-05,5,49,14.9,0.1,0.1336957178,0.0633458332,111.05684621
hard-sphere-seed-05,5,50,15,0.1,0.0729530823,0.0638702896,14.22068498
hard-sphere-seed-05,5,51,15.1,0.1,0.0372854446,0.0624859773,-40.32990086
hard-sphere-seed-05,5,52,15.2,0.1,0.1004525232,0.0625523679,60.58948145
hard-sphere-seed-05,5,53,15.3,0.1,0.0989229992,0.0629030299,57.26269345
hard-sphere-seed-05,5,54,15.4,0.1,0.0264784649,0.0629725073,-57.95234132
hard-sphere-seed-05,5,55,15.5,0.1,0.0993256817,0.0623729853,59.24471345
hard-sphere-seed-05,5,56,15.6,0.1,0.0478438232,0.0629547583,-24.00284821
hard-sphere-seed-05,5,57,15.7,0.1,0.1278762085,0.0609232967,109.89705992
hard-sphere-seed-05,5,58,15.8,0.1,0.1007276384,0.0612743341,64.38797727
hard-sphere-seed-05,5,59,15.9,0.1,0.0450681833,0.0595816415,-24.35894309
hard-sphere-seed-05,5,60,16,0.1,0.0126276383,0.0579833788,-78.22196876
hard-sphere-seed-05,5,61,16.1,0.1,0.0568212054,0.0580116227,-2.05203245
hard-sphere-seed-05,5,62,16.2,0.1,0.0093304018,0.057056295,-83.64702467
hard-sphere-seed-05,5,63,16.3,0.1,0.1006576685,0.0562646005,78.90053001
hard-sphere-seed-05,5,64,16.4,0.1,0.0423642881,0.0579302879,-26.87022683
hard-sphere-seed-05,5,65,16.5,0.1,0.0560438295,0.0570079312,-1.69117118
hard-sphere-seed-05,5,66,16.6,0.1,0.0921440784,0.0606643983,51.8915229
hard-sphere-seed-05,5,67,16.7,0.1,0.085303064,0.059973423,42.23477625
hard-sphere-seed-05,5,68,16.8,0.1,0.0499078219,0.0592273272,-15.73514413
hard-sphere-seed-05,5,69,16.9,0.1,0.08546523,0.0614082027,39.17559256
hard-sphere-seed-05,5,70,17,0.1,0.0950742468,0.0606908671,56.6533011
hard-sphere-seed-05,5,71,17.1,0.1,0.015143846,0.0615327985,-75.38898548
hard-sphere-seed-05,5,72,17.2,0.1,0.0957145358,0.0627417201,52.55325413
hard-sphere-seed-05,5,73,17.3,0.1,0.075438906,0.0638774773,18.09938201
hard-sphere-seed-05,5,74,17.4,0.1,0.0734558916,0.0633840929,15.8901047
hard-sphere-seed-05,5,75,17.5,0.1,0.1351476449,0.0642411611,110.37547047
hard-sphere-seed-05,5,76,17.6,0.1,0.065302695,0.0645239115,1.20696886
hard-sphere-seed-05,5,77,17.7,0.1,0.0686135284,0.0617518577,11.1116831
hard-sphere-seed-05,5,78,17.8,0.1,0.0702222025,0.0610165597,15.08712205
hard-sphere-seed-05,5,79,17.9,0.1,0.0531734029,0.0595002743,-10.63334834
hard-sphere-seed-05,5,80,18,0.1,0.0424458179,0.0604105344,-29.73772151
hard-sphere-seed-05,5,81,18.1,0.1,0.1010786873,0.0588230361,71.83520934
hard-sphere-seed-05,5,82,18.2,0.1,0.0404068941,0.0606344712,-33.35986404
hard-sphere-seed-05,5,83,18.3,0.1,0.0746785705,0.0597022063,25.0851102
hard-sphere-seed-05,5,84,18.4,0.1,0.1256796208,0.0612739084,105.11115433
hard-sphere-seed-05,5,85,18.5,0.1,0.1599264723,0.0617520335,158.98170983
hard-sphere-seed-05,5,86,18.6,0.1,0.065224598,0.0611328785,6.69315694
hard-sphere-seed-05,5,87,18.7,0.1,0.1062947607,0.060854581,74.67010543
hard-sphere-seed-05,5,88,18.8,0.1,0.0434179079,0.057383066,-24.33672337
hard-sphere-seed-05,5,89,18.9,0.1,0.0685469013,0.0565154791,21.28872013
hard-sphere-seed-05,5,90,19,0.1,0.0242308964,0.0584021343,-58.51025528
hard-sphere-seed-05,5,91,19.1,0.1,0.0845702649,0.059416113,42.3355729
hard-sphere-seed-05,5,92,19.2,0.1,0.0229285505,0.0606758656,-62.21141586
hard-sphere-seed-05,5,93,19.3,0.1,0.1069800713,0.0611367687,74.98483092
hard-sphere-seed-05,5,94,19.4,0.1,0.0631735685,0.062764885,0.65113412
hard-sphere-seed-05,5,95,19.5,0.1,0.0124785423,0.0621009784,-79.90604563
hard-sphere-seed-05,5,96,19.6,0.1,0.0212691535,0.0627962544,-66.12990109
hard-sphere-seed-05,5,97,19.7,0.1,0.0473736021,0.0607829798,-22.0610733
hard-sphere-seed-05,5,98,19.8,0.1,0.029489756,0.0594825634,-50.42285627
hard-sphere-seed-05,5,99,19.9,0.1,0.0598877254,0.0584272358,2.49967256
hard-sphere-seed-05,5,100,20,0.1,0.2039311306,0.0596768392,241.72575741
hard-sphere-seed-05,5,101,20.1,0.1,0.0419448889,0.0579369365,-27.6025082
hard-sphere-seed-05,5,102,20.2,0.1,0.0418288462,0.0584434264,-28.42848412
hard-sphere-seed-05,5,103,20.3,0.1,0.0721572536,0.0578310507,24.77251011
hard-sphere-seed-05,5,104,20.4,0.1,0.0868622216,0.0598568091,45.11669249
hard-sphere-seed-05,5,105,20.5,0.1,0.057091568,0.0578920642,-1.38273917
hard-sphere-seed-05,5,106,20.6,0.1,0,0.0565285912,-100
hard-sphere-seed-05,5,107,20.7,0.1,0.0139869947,0.0574046089,-75.63436985
hard-sphere-seed-05,5,108,20.8,0.1,0.0909622748,0.0574802763,58.24954342
hard-sphere-seed-05,5,109,20.9,0.1,0.0261960891,0.056560756,-53.68504423
hard-sphere-seed-05,5,110,21,0.1,0.079254666,0.0549391559,44.25898009
hard-sphere-seed-05,5,111,21.1,0.1,0.0178669718,0.0576428205,-69.00399448
hard-sphere-seed-05,5,112,21.2,0.1,0.0038951691,0.0578169556,-93.26292939
hard-sphere-seed-05,5,113,21.3,0.1,0.0660522566,0.0572490331,15.37706929
hard-sphere-seed-05,5,114,21.4,0.1,0.1321998762,0.0588505979,124.63642006
hard-sphere-seed-05,5,115,21.5,0.1,0.0549305943,0.057924611,-5.16881614
hard-sphere-seed-05,5,116,21.6,0.1,0.0806641315,0.059445167,35.69502059
hard-sphere-seed-05,5,117,21.7,0.1,0.0597460601,0.0582834075,2.50955227
hard-sphere-seed-05,5,118,21.8,0.1,0.0834934372,0.0585535977,42.59318038
hard-sphere-seed-05,5,119,21.9,0.1,0.0505264986,0.058022678,-12.91939584
hard-sphere-seed-05,5,120,22,0.1,0.0860061165,0.0576624624,49.15442885
hard-sphere-seed-05,5,121,22.1,0.1,0.0522088886,0.0571477189,-8.64221784
hard-sphere-seed-05,5,122,22.2,0.1,0.124342501,0.0591811964,110.10474381
hard-sphere-seed-05,5,123,22.3,0.1,0.0090599347,0.0586944057,-84.56422791
hard-sphere-seed-05,5,124,22.4,0.1,0.0684737005,0.0582919802,17.46676004
hard-sphere-seed-05,5,125,22.5,0.1,0.0738996353,0.0574661845,28.596732
hard-sphere-seed-05,5,126,22.6,0.1,0.080038872,0.0582503665,37.40492434
hard-sphere-seed-05,5,127,22.7,0.1,0.0698359271,0.0597321851,16.91507179
hard-sphere-seed-05,5,128,22.8,0.1,0.1181576985,0.0611667666,93.17303351
hard-sphere-seed-05,5,129,22.9,0.1,0.0426551697,0.0617405074,-30.91218139
hard-sphere-seed-05,5,130,23,0.1,0.0909045328,0.0603228323,50.69672517
hard-sphere-seed-05,5,131,23.1,0.1,0.0923231388,0.0589441146,56.62825608
hard-sphere-seed-05,5,132,23.2,0.1,0.0800007556,0.060148806,33.00472765
hard-sphere-seed-05,5,133,23.3,0.1,0.0889198411,0.0579027215,53.56763682
hard-sphere-seed-05,5,134,23.4,0.1,0.0545564143,0.0595795819,-8.43102188
hard-sphere-seed-05,5,135,23.5,0.1,0.0479002406,0.0603227896,-20.59345908
hard-sphere-seed-05,5,136,23.6,0.1,0.1255216992,0.0614786182,104.17130854
hard-sphere-seed-05,5,137,23.7,0.1,0.0096855546,0.0621200557,-84.40832915
hard-sphere-seed-05,5,138,23.8,0.1,0.0824561351,0.0621717316,32.62640901
hard-sphere-seed-05,5,139,23.9,0.1,0.0809899635,0.0607548737,33.30611783
hard-sphere-seed-05,5,140,24,0.1,0.0347780412,0.0613027108,-43.26834702
hard-sphere-seed-05,5,141,24.1,0.1,0.0756372247,0.0622426568,21.51991658
hard-sphere-seed-05,5,142,24.2,0.1,0.0556704387,0.0610578468,-8.82344927
hard-sphere-seed-05,5,143,24.3,0.1,0.1227309343,0.0605353222,102.74267955
hard-sphere-seed-05,5,144,24.4,0.1,0.1524493055,0.0615959933,147.49873721
hard-sphere-seed-05,5,145,24.5,0.1,0.054310118,0.0619057879,-12.26972507
hard-sphere-seed-05,5,146,24.6,0.1,0.0525465965,0.0621357353,-15.43256678
hard-sphere-seed-05,5,147,24.7,0.1,0.0632906661,0.0639831813,-1.08233944
hard-sphere-seed-05,5,148,24.8,0.1,0.0133647328,0.0630933288,-78.81751836
hard-sphere-seed-05,5,149,24.9,0.1,0.0559960511,0.061894804,-9.53028763
hard-sphere-seed-05,5,150,25,0.1,0.0313460496,0.0607377578,-48.3911643
hard-sphere-seed-05,5,151,25.1,0.1,0.0582602958,0.0594544772,-2.00856423
hard-sphere-seed-05,5,152,25.2,0.1,0.0502984285,0.059644835,-15.67010198
hard-sphere-seed-05,5,153,25.3,0.1,0.0801542786,0.0592680475,35.24028863
hard-sphere-seed-05,5,154,25.4,0.1,0.0554910764,0.0591581522,-6.1987667
hard-sphere-seed-05,5,155,25.5,0.1,0.0244797639,0.0600051274,-59.20387978
hard-sphere-seed-05,5,156,25.6,0.1,0.0229531129,0.0578554738,-60.32680851
hard-sphere-seed-05,5,157,25.7,0.1,0.0534122189,0.0603470523,-11.49158611
hard-sphere-seed-05,5,158,25.8,0.1,0.1827310621,0.0603867857,202.60107378
hard-sphere-seed-05,5,159,25.9,0.1,0.0668568347,0.059803641,11.79392014
hard-sphere-seed-05,5,160,26,0.1,0.1085157158,0.0595122417,82.34183864
hard-sphere-seed-05,5,161,26.1,0.1,0.0408397342,0.060500311,-32.49665411
hard-sphere-seed-05,5,162,26.2,0.1,0.0301593091,0.0625359174,-51.77282062
hard-sphere-seed-05,5,163,26.3,0.1,0.105029546,0.0618638208,69.77539478
hard-sphere-seed-05,5,164,26.4,0.1,0.1246231557,0.0590105801,111.18781655
hard-sphere-seed-05,5,165,26.5,0.1,0.0533293908,0.0617911835,-13.69417486
hard-sphere-seed-05,5,166,26.6,0.1,0.0647692618,0.0630757998,2.68480458
hard-sphere-seed-05,5,167,26.7,0.1,0.0414447245,0.0628244361,-34.03088498
hard-sphere-seed-05,5,168,26.8,0.1,0.1047373671,0.0612053126,71.12463382
hard-sphere-seed-05,5,169,26.9,0.1,0.1006896849,0.0607784427,65.66677338
hard-sphere-seed-05,5,170,27,0.1,0.059601083,0.0600467194,-0.7421494
hard-sphere-seed-05,5,171,27.1,0.1,0.0735980493,0.0601403098,22.37723678
hard-sphere-seed-05,5,172,27.2,0.1,0.0254951063,0.0587641315,-56.61451019
hard-sphere-seed-05,5,173,27.3,0.1,0.0055490925,0.0586749991,-90.54266285
hard-sphere-seed-05,5,174,27.4,0.1,0.0985468026,0.0571826145,72.33700031
hard-sphere-seed-05,5,175,27.5,0.1,0.0995317017,0.0543272593,83.2076622
hard-sphere-seed-05,5,176,27.6,0.1,0.0296122175,0.0551624201,-46.31813197
hard-sphere-seed-05,5,177,27.7,0.1,0.0556628953,0.0543471046,2.4210871
hard-sphere-seed-05,5,178,27.8,0.1,0.0538939728,0.0539113006,-0.03214137
hard-sphere-seed-05,5,179,27.9,0.1,0.0369862901,0.0542731215,-31.85155185
hard-sphere-seed-05,5,180,28,0.1,0.0502770388,0.0556363333,-9.63272418
hard-sphere-seed-05,5,181,28.1,0.1,0.057370612,0.0536307029,6.97344771
hard-sphere-seed-05,5,182,28.2,0.1,0.1094724245,0.0524046547,108.89828431
hard-sphere-seed-05,5,183,28.3,0.1,0.0203981273,0.0521612634,-60.89410812
hard-sphere-seed-05,5,184,28.4,0.1,0.0177415153,0.0519847781,-65.87171101
hard-sphere-seed-05,5,185,28.5,0.1,0.1212692748,0.0525745431,130.6615858
hard-sphere-seed-05,5,186,28.6,0.1,0.0071826781,0.0524412952,-86.30339293
hard-sphere-seed-05,5,187,28.7,0.1,0.0539977164,0.0519628077,3.91608676
hard-sphere-seed-05,5,188,28.8,0.1,0.0568273633,0.0525651311,8.10847821
hard-sphere-seed-05,5,189,28.9,0.1,0.0498396621,0.0508330657,-1.95424689
hard-sphere-seed-05,5,190,29,0.1,0.0567408675,0.0507114113,11.88974243
hard-sphere-seed-05,5,191,29.1,0.1,0.0784676064,0.0506214277,55.00867894
hard-sphere-seed-05,5,192,29.2,0.1,0.0421253454,0.0507660741,-17.02067551
hard-sphere-seed-05,5,193,29.3,0.1,0.0264823089,0.0518781215,-48.95283762
hard-sphere-seed-05,5,194,29.4,0.1,0.0493767975,0.0520832458,-5.19638961
hard-sphere-seed-05,5,195,29.5,0.1,0.107156028,0.0494932427,116.50637976
hard-sphere-seed-05,5,196,29.6,0.1,0.0517138297,0.0489381622,5.67178534
hard-sphere-seed-05,5,197,29.7,0.1,0.0670923573,0.0500786837,33.97388339
hard-sphere-seed-05,5,198,29.8,0.1,0.0675007503,0.0507147914,33.0987439
hard-sphere-seed-05,5,199,29.9,0.1,0.0146852795,0.0501240299,-70.7021172
hard-sphere-seed-05,5,200,30,0.1,0.0097336425,0.0501611335,-80.59525005
hard-sphere-seed-05,5,201,30.1,0.1,0.0076001565,0.0530532758,-85.6744821
hard-sphere-seed-05,5,202,30.2,0.1,0.0859098823,0.0514169513,67.08474544
hard-sphere-seed-05,5,203,30.3,0.1,0.0514384885,0.0489790984,5.02130525
hard-sphere-seed-05,5,204,30.4,0.1,0.0310971214,0.0503277113,-38.21073811
hard-sphere-seed-05,5,205,30.5,0.1,0.0345891616,0.0529886461,-34.72344713
hard-sphere-seed-05,5,206,30.6,0.1,0,0.0540909009,-100
hard-sphere-seed-05,5,207,30.7,0.1,0.1031030594,0.0540291926,90.82842911
hard-sphere-seed-05,5,208,30.8,0.1,0.0944260078,0.0543652093,73.68829973
hard-sphere-seed-05,5,209,30.9,0.1,0.0966688916,0.0561190376,72.25685913
hard-sphere-seed-05,5,210,31,0.1,0.0900416231,0.0589678332,52.69617046
hard-sphere-seed-05,5,211,31.1,0.1,0.0521512781,0.0569870982,-8.48581556
hard-sphere-seed-05,5,212,31.2,0.1,0.0641135918,0.0616517798,3.99309162
hard-sphere-seed-05,5,213,31.3,0.1,0.0537977964,0.0617599607,-12.89211358
hard-sphere-seed-05,5,214,31.4,0.1,0.1331594854,0.0631424137,110.88754389
hard-sphere-seed-05,5,215,31.5,0.1,0.0987727896,0.0604678371,63.34764791
hard-sphere-seed-05,5,216,31.6,0.1,0.021760277,0.0613410096,-64.52572734
hard-sphere-seed-05,5,217,31.7,0.1,0.0619525018,0.062072241,-0.19290306
hard-sphere-seed-05,5,218,31.8,0.1,0.024333185,0.0609570196,-60.08140631
hard-sphere-seed-05,5,219,31.9,0.1,0.1262506664,0.0611325504,106.51954748
hard-sphere-seed-05,5,220,32,0.1,0.0438476484,0.0628291747,-30.21132523
hard-sphere-seed-05,5,221,32.1,0.1,0.0928168661,0.0607933802,52.67594222
hard-sphere-seed-05,5,222,32.2,0.1,0.0586601881,0.0572286415,2.50145132
hard-sphere-seed-05,5,223,32.3,0.1,0.0676265222,0.0557082228,21.39414757
hard-sphere-seed-05,5,224,32.4,0.1,0.0423812196,0.0564792605,-24.96144741
hard-sphere-seed-05,5,225,32.5,0.1,0.0564779272,0.0564071226,0.12552418
hard-sphere-seed-05,5,226,32.6,0.1,0.0670646485,0.0559153866,19.93952392
hard-sphere-seed-05,5,227,32.7,0.1,0.0457527351,0.0547730232,-16.46848671
hard-sphere-seed-05,5,228,32.8,0.1,0.0331064171,0.0546108495,-39.37758275
hard-sphere-seed-05,5,229,32.9,0.1,0.0082685579,0.0556465044,-85.14092134
hard-sphere-seed-05,5,230,33,0.1,0.0852679697,0.0550857633,54.79130099
hard-sphere-seed-05,5,231,33.1,0.1,0.0885464029,0.0554682321,59.63444208
hard-sphere-seed-05,5,232,33.2,0.1,0.0230342922,0.0541032219,-57.42528557
hard-sphere-seed-05,5,233,33.3,0.1,0.032667032,0.0518342637,-36.97791835
hard-sphere-seed-05,5,234,33.4,0.1,0.038354483,0.0540091772,-28.98524847
hard-sphere-seed-05,5,235,33.5,0.1,0.1620368685,0.0535033291,202.85380599
hard-sphere-seed-05,5,236,33.6,0.1,0.0514367761,0.053963099,-4.68157489
hard-sphere-seed-05,5,237,33.7,0.1,0.0877194306,0.0545492764,60.80768876
hard-sphere-seed-05,5,238,33.8,0.1,0.0217920829,0.0540112883,-59.65272521
hard-sphere-seed-05,5,239,33.9,0.1,0.0130032282,0.0541777987,-75.99897273
hard-sphere-seed-05,5,240,34,0.1,0.0421660098,0.0537757152,-21.5891233
hard-sphere-seed-05,5,241,34.1,0.1,0.0701637849,0.0538118715,30.38718571
hard-sphere-seed-05,5,242,34.2,0.1,0.0384934446,0.0546951598,-29.62184447
hard-sphere-seed-05,5,243,34.3,0.1,0.0658701487,0.0562724318,17.05580633
hard-sphere-seed-05,5,244,34.4,0.1,0.0142831297,0.0539888497,-73.54429706
hard-sphere-seed-05,5,245,34.5,0.1,0.0654890599,0.0537162258,21.9167187
hard-sphere-seed-05,5,246,34.6,0.1,0.0484884632,0.055869801,-13.21167719
hard-sphere-seed-05,5,247,34.7,0.1,0.0034379012,0.0578004799,-94.05212337
hard-sphere-seed-05,5,248,34.8,0.1,0.0745235728,0.05341854,39.50881625
hard-sphere-seed-05,5,249,34.9,0.1,0.0039568291,0.0560655691,-92.9424973
hard-sphere-seed-05,5,250,35,0.1,0.02286188,0.0561231427,-59.26479017
hard-sphere-seed-05,5,251,35.1,0.1,0.0741877547,0.0560090162,32.45680742
hard-sphere-seed-05,5,252,35.2,0.1,0.0797849917,0.0577279878,38.2085099
hard-sphere-seed-05,5,253,35.3,0.1,0.0874789441,0.0580798908,50.61829999
hard-sphere-seed-05,5,254,35.4,0.1,0.0286505973,0.0574748945,-50.15110933
hard-sphere-seed-05,5,255,35.5,0.1,0.0969418247,0.0583111104,66.24932029
hard-sphere-seed-05,5,256,35.6,0.1,0.1024705184,0.058125259,76.29257933
hard-sphere-seed-05,5,257,35.7,0.1,0.0920645631,0.0566960846,62.38257687
hard-sphere-seed-05,5,258,35.8,0.1,0.0651654536,0.057552319,13.22819785
hard-sphere-seed-05,5,259,35.9,0.1,0.0195862781,0.0587765118,-66.67669201
hard-sphere-seed-05,5,260,36,0.1,0,0.0602743498,-100
hard-sphere-seed-05,5,261,36.1,0.1,0.0740890738,0.0624720046,18.59564028
hard-sphere-seed-05,5,262,36.2,0.1,0.028897013,0.0640455992,-54.8805642
hard-sphere-seed-05,5,263,36.3,0.1,0.0829598637,0.0637513397,30.13038494
hard-sphere-seed-05,5,264,36.4,0.1,0.0596269639,0.0650980356,-8.40435757
hard-sphere-seed-05,5,265,36.5,0.1,0.0587908794,0.0662496743,-11.25861366
hard-sphere-seed-05,5,266,36.6,0.1,0.0054136284,0.0655513212,-91.74138937
hard-sphere-seed-05,5,267,36.7,0.1,0.1080493896,0.0664404997,62.62579309
hard-sphere-seed-05,5,268,36.8,0.1,0.1442474034,0.0664070772,117.21691346
hard-sphere-seed-05,5,269,36.9,0.1,0.0903236236,0.0676350897,33.54550736
hard-sphere-seed-05,5,270,37,0.1,0.0677810574,0.0658729126,2.89670623
hard-sphere-seed-05,5,271,37.1,0.1,0.0448532561,0.0655486054,-31.57252416
hard-sphere-seed-05,5,272,37.2,0.1,0.0267404246,0.0676920135,-60.49692827
hard-sphere-seed-05,5,273,37.3,0.1,0.1267769411,0.0650140878,94.99918448
hard-sphere-seed-05,5,274,37.4,0.1,0.0867272024,0.0634435309,36.69983557
hard-sphere-seed-05,5,275,37.5,0.1,0.1684209589,0.0582431028,189.16893311
hard-sphere-seed-05,5,276,37.6,0.1,0.0867469943,0.0598866931,44.85186903
hard-sphere-seed-05,5,277,37.7,0.1,0.1516994999,0.0601855739,152.05292571
hard-sphere-seed-05,5,278,37.8,0.1,0.0214683063,0.0596043299,-63.98196855
hard-sphere-seed-05,5,279,37.9,0.1,0,0.0597054515,-100
hard-sphere-seed-05,5,280,38,0.1,0.0953215084,0.0592145444,60.97651236
hard-sphere-seed-05,5,281,38.1,0.1,0.1116378745,0.0594500862,87.78420977
hard-sphere-seed-05,5,282,38.2,0.1,0.0479361325,0.0596154262,-19.59105974
hard-sphere-seed-05,5,283,38.3,0.1,0.044658973,0.0597211247,-25.22081049
hard-sphere-seed-05,5,284,38.4,0.1,0.0672893999,0.0595318049,13.03100922
hard-sphere-seed-05,5,285,38.5,0.1,0.0523921519,0.0614953003,-14.8029986
hard-sphere-seed-05,5,286,38.6,0.1,0.0454087359,0.0643699542,-29.45662859
hard-sphere-seed-05,5,287,38.7,0.1,0.0523721746,0.0632598852,-17.21108192
hard-sphere-seed-05,5,288,38.8,0.1,0.0316970904,0.0626640365,-49.41741369
hard-sphere-seed-05,5,289,38.9,0.1,0.06637616,0.0634424011,4.62428743
hard-sphere-seed-05,5,290,39,0.1,0.1390494335,0.0642188276,116.52440364
hard-sphere-seed-05,5,291,39.1,0.1,0.0482361288,0.0631650485,-23.63477903
hard-sphere-seed-05,5,292,39.2,0.1,0.0260216112,0.0634231531,-58.9714325
hard-sphere-seed-05,5,293,39.3,0.1,0.0543212424,0.0595189704,-8.73289299
hard-sphere-seed-05,5,294,39.4,0.1,0.0517082347,0.0589133672,-12.23004708
hard-sphere-seed-05,5,295,39.5,0.1,0.074228656,0.0551005281,34.71496308
hard-sphere-seed-05,5,296,39.6,0.1,0.0605283693,0.0559451907,8.19226548
hard-sphere-seed-05,5,297,39.7,0.1,0.0336006826,0.0537709809,-37.5114941
hard-sphere-seed-05,5,298,39.8,0.1,0.0766386065,0.0560296936,36.78212658
hard-sphere-seed-05,5,299,39.9,0.1,0.1095541317,0.0526861574,107.93722155
hard-sphere-seed-05,5,300,40,0.1,0.0505781356,0.0535178953,-5.49304053
hard-sphere-seed-05,5,301,40.1,0.1,0.058555383,0.0540359268,8.36379883
hard-sphere-seed-05,5,302,40.2,0.1,0.0571425721,0.0547990578,4.27655949
hard-sphere-seed-05,5,303,40.3,0.1,0.0849954384,0.055072012,54.33508836
hard-sphere-seed-05,5,304,40.4,0.1,0.0887886711,0.0567912878,56.34206323
hard-sphere-seed-05,5,305,40.5,0.1,0.0496813193,0.0563673102,-11.8614689
hard-sphere-seed-05,5,306,40.6,0.1,0.0106931249,0.0564413158,-81.05443716
hard-sphere-seed-05,5,307,40.7,0.1,0.0464940433,0.0548085631,-15.17011092
hard-sphere-seed-05,5,308,40.8,0.1,0.0862650986,0.0531201449,62.39620344
hard-sphere-seed-05,5,309,40.9,0.1,0.0870885614,0.0532246282,63.62455578
hard-sphere-seed-05,5,310,41,0.1,0.05989046,0.0551949319,8.50717253
hard-sphere-seed-05,5,311,41.1,0.1,0.0126652805,0.0562174039,-77.47089054
hard-sphere-seed-05,5,312,41.2,0.1,0.0432952409,0.0572360629,-24.3567103
hard-sphere-seed-05,5,313,41.3,0.1,0.0685816131,0.0553233605,23.9650168
hard-sphere-seed-05,5,314,41.4,0.1,0.0938516518,0.0571986671,64.0801377
hard-sphere-seed-05,5,315,41.5,0.1,0.0762208987,0.0564537124,35.01485641
hard-sphere-seed-05,5,316,41.6,0.1,0.0794703052,0.0582441579,36.44339286
hard-sphere-seed-05,5,317,41.7,0.1,0.0720127188,0.0568084799,26.76403045
hard-sphere-seed-05,5,318,41.8,0.1,0.0472749481,0.0566029822,-16.47975727
hard-sphere-seed-05,5,319,41.9,0.1,0.0632297359,0.0536798903,17.79035973
hard-sphere-seed-05,5,320,42,0.1,0.0865083831,0.0548232667,57.79501734
hard-sphere-seed-05,5,321,42.1,0.1,0.0389734063,0.0546778446,-28.72175813
hard-sphere-seed-05,5,322,42.2,0.1,0.0601330174,0.0557462476,7.86917508
hard-sphere-seed-05,5,323,42.3,0.1,0.05634698,0.0546080494,3.18438511
hard-sphere-seed-05,5,324,42.4,0.1,0.0363714731,0.0569175197,-36.09793027
hard-sphere-seed-05,5,325,42.5,0.1,0.0987158921,0.0574664474,71.78005003
hard-sphere-seed-05,5,326,42.6,0.1,0.0183737021,0.0553453902,-66.80174806
hard-sphere-seed-05,5,327,42.7,0.1,0,0.0543650734,-100
hard-sphere-seed-05,5,328,42.8,0.1,0,0.0548930866,-100
hard-sphere-seed-05,5,329,42.9,0.1,0.0181696836,0.05407575,-66.3995718
hard-sphere-seed-05,5,330,43,0.1,0.118938142,0.0534636305,122.46551683
hard-sphere-seed-05,5,331,43.1,0.1,0.1001731299,0.0551901399,81.50548289
hard-sphere-seed-05,5,332,43.2,0.1,0.0585401134,0.0553888968,5.68925679
hard-sphere-seed-05,5,333,43.3,0.1,0.0297328208,0.0539166678,-44.85412015
hard-sphere-seed-05,5,334,43.4,0.1,0.0274821078,0.0565466404,-51.39922078
hard-sphere-seed-05,5,335,43.5,0.1,0.0694856284,0.058083736,19.63009484
hard-sphere-seed-05,5,336,43.6,0.1,0.0732904271,0.0584922853,25.29930532
hard-sphere-seed-05,5,337,43.7,0.1,0.0251499709,0.059528933,-57.75168542
hard-sphere-seed-05,5,338,43.8,0.1,0.1551382195,0.0574667166,169.96186462
hard-sphere-seed-05,5,339,43.9,0.1,0.0656763861,0.0589931452,11.32884312
hard-sphere-seed-05,5,340,44,0.1,0.0574563332,0.0575644179,-0.18776315
hard-sphere-seed-05,5,341,44.1,0.1,0.0634849522,0.058845645,7.88385822
hard-sphere-seed-05,5,342,44.2,0.1,0.0601178969,0.0557787159,7.77927725
hard-sphere-seed-05,5,343,44.3,0.1,0.0447600005,0.0563108587,-20.51266572
hard-sphere-seed-05,5,344,44.4,0.1,0.0355602388,0.0571564238,-37.78435322
hard-sphere-seed-05,5,345,44.5,0.1,0.042996483,0.0576743943,-25.44961494
hard-sphere-seed-05,5,346,44.6,0.1,0.0563323561,0.0585167942,-3.7330107
hard-sphere-seed-05,5,347,44.7,0.1,0.0832556123,0.0585917023,42.09454414
hard-sphere-seed-05,5,348,44.8,0.1,0.0608294653,0.0568751869,6.95255443
hard-sphere-seed-05,5,349,44.9,0.1,0.0154953122,0.0575373987,-73.06914717
hard-sphere-seed-05,5,350,45,0.1,0.0364309461,0.0579241291,-37.10575089
hard-sphere-seed-05,5,351,45.1,0.1,0.0307288569,0.0559281537,-45.0565505
hard-sphere-seed-05,5,352,45.2,0.1,0.0112134443,0.0549525948,-79.59433161
hard-sphere-seed-05,5,353,45.3,0.1,0.0353590104,0.0557833166,-36.61364634
hard-sphere-seed-05,5,354,45.4,0.1,0.0832499185,0.054650293,52.33206241
hard-sphere-seed-05,5,355,45.5,0.1,0.1086288818,0.0564381798,92.47410557
hard-sphere-seed-05,5,356,45.6,0.1,0.0218409041,0.0572724641,-61.86491288
hard-sphere-seed-05,5,357,45.7,0.1,0.0296689527,0.0575538673,-48.45011453
hard-sphere-seed-05,5,358,45.8,0.1,0.0972877307,0.0586108877,65.9891779
hard-sphere-seed-05,5,359,45.9,0.1,0.115911866,0.0565946115,104.81078149
hard-sphere-seed-05,5,360,46,0.1,0.0069855876,0.0542297388,-87.1185299
hard-sphere-seed-05,5,361,46.1,0.1,0.1789053565,0.0538912721,231.97463984
hard-sphere-seed-05,5,362,46.2,0.1,0.0700713984,0.0552899614,26.73439569
hard-sphere-seed-05,5,363,46.3,0.1,0.0777541902,0.0566122531,37.3451611
hard-sphere-seed-05,5,364,46.4,0.1,0.0755867135,0.0563062185,34.24221255
hard-sphere-seed-05,5,365,46.5,0.1,0.0514268852,0.0557336616,-7.727424
hard-sphere-seed-05,5,366,46.6,0.1,0,0.0581528214,-100
hard-sphere-seed-05,5,367,46.7,0.1,0.0392913556,0.057562808,-31.7417671
hard-sphere-seed-05,5,368,46.8,0.1,0.0142079478,0.0589168068,-75.88472867
hard-sphere-seed-05,5,369,46.9,0.1,0.0271718507,0.0584708764,-53.52925704
hard-sphere-seed-05,5,370,47,0.1,0.0739787742,0.0592832143,24.78873667
hard-sphere-seed-05,5,371,47.1,0.1,0.1054350803,0.0630022467,67.35130218
hard-sphere-seed-05,5,372,47.2,0.1,0.0144057858,0.062539405,-76.96526561
hard-sphere-seed-05,5,373,47.3,0.1,0.0641599911,0.0600047729,6.9248129
hard-sphere-seed-05,5,374,47.4,0.1,0.0527895318,0.0558362802,-5.45657486
hard-sphere-seed-05,5,375,47.5,0.1,0.0055830993,0.0537756438,-89.61779171
hard-sphere-seed-05,5,376,47.6,0.1,0.0604282635,0.0528600146,14.31753093
hard-sphere-seed-05,5,377,47.7,0.1,0.0449820613,0.0551299588,-18.40722852
hard-sphere-seed-05,5,378,47.8,0.1,0.0539962059,0.0558228755,-3.27225995
hard-sphere-seed-05,5,379,47.9,0.1,0.0661181821,0.0599646368,10.26195705
hard-sphere-seed-05,5,380,48,0.1,0.1068848463,0.0598811393,78.49501135
hard-sphere-seed-05,5,381,48.1,0.1,0.0873045313,0.0601381312,45.17333597
hard-sphere-seed-05,5,382,48.2,0.1,0.0418974325,0.0584413045,-28.30852612
hard-sphere-seed-05,5,383,48.3,0.1,0.0435834436,0.0581175482,-25.00811732
hard-sphere-seed-05,5,384,48.4,0.1,0.1271381596,0.0599362789,112.12221055
hard-sphere-seed-05,5,385,48.5,0.1,0.1009460554,0.0603305419,67.3216455
hard-sphere-seed-05,5,386,48.6,0.1,0.1010037363,0.0633163499,59.52236117
hard-sphere-seed-05,5,387,48.7,0.1,0.0722479949,0.0625420462,15.51907769
hard-sphere-seed-05,5,388,48.8,0.1,0.0534040038,0.0631330512,-15.41038684
hard-sphere-seed-05,5,389,48.9,0.1,0.0557503814,0.064961237,-14.17900276
hard-sphere-seed-05,5,390,49,0.1,0.1070760765,0.0662293715,61.6746076
hard-sphere-seed-05,5,391,49.1,0.1,0.0912126766,0.0634769522,43.69416527
hard-sphere-seed-05,5,392,49.2,0.1,0.0541317827,0.0619791004,-12.66123212
hard-sphere-seed-05,5,393,49.3,0.1,0,0.0598344948,-100
hard-sphere-seed-05,5,394,49.4,0.1,0.0063028871,0.0576849507,-89.07360233
hard-sphere-seed-05,5,395,49.5,0.1,0.0804286728,0.0621555124,29.39909862
hard-sphere-seed-05,5,396,49.6,0.1,0.0445510794,0.0613360438,-27.36558039
hard-sphere-seed-05,5,397,49.7,0.1,0.0643215179,0.0632206696,1.74127915
hard-sphere-seed-05,5,398,49.8,0.1,0.0595580943,0.0647680677,-8.04404641
hard-sphere-seed-05,5,399,49.9,0.1,0.059480475,0.0648572719,-8.29019911
hard-sphere-seed-05,5,400,50,0.1,0,0.0623707414,-100
hard-sphere-seed-05,5,401,50.1,0.1,0.0854434418,0.0644676376,32.53695172
hard-sphere-seed-05,5,402,50.2,0.1,0.0287768674,0.0624641666,-53.93059895
hard-sphere-seed-05,5,403,50.3,0.1,0.0825249443,0.0643562473,28.23144257
hard-sphere-seed-05,5,404,50.4,0.1,0.0926806433,0.0654561371,41.59198419
hard-sphere-seed-05,5,405,50.5,0.1,0.0914730532,0.0653719361,39.9270983
hard-sphere-seed-05,5,406,50.6,0.1,0.0400302116,0.0630947173,-36.55536732
hard-sphere-seed-05,5,407,50.7,0.1,0.0345540568,0.061672507,-43.97170072
hard-sphere-seed-05,5,408,50.8,0.1,0.0115441747,0.0593699933,-80.55553983
hard-sphere-seed-05,5,409,50.9,0.1,0.0790005575,0.0596632018,32.41085801
hard-sphere-seed-05,5,410,51,0.1,0.0518587794,0.0564472091,-8.12870955
hard-sphere-seed-05,5,411,51.1,0.1,0.0102197154,0.0526129083,-80.57565002
hard-sphere-seed-05,5,412,51.2,0.1,0.0741803977,0.0532764368,39.23678496
hard-sphere-seed-05,5,413,51.3,0.1,0.0529275789,0.0514791374,2.81364754
hard-sphere-seed-05,5,414,51.4,0.1,0.0355242448,0.0529117564,-32.86133907
hard-sphere-seed-05,5,415,51.5,0.1,0,0.0547642742,-100
hard-sphere-seed-05,5,416,51.6,0.1,0.0229854785,0.0542405077,-57.62303953
hard-sphere-seed-05,5,417,51.7,0.1,0.0336668866,0.0543841803,-38.09433837
hard-sphere-seed-05,5,418,51.8,0.1,0.0686087907,0.0545019043,25.88329072
hard-sphere-seed-05,5,419,51.9,0.1,0.0689360295,0.0530666438,29.9046343
hard-sphere-seed-05,5,420,52,0.1,0.0504185401,0.0547113132,-7.8462256
hard-sphere-seed-05,5,421,52.1,0.1,0.0132240174,0.0575205311,-77.00991781
hard-sphere-seed-05,5,422,52.2,0.1,0.032333528,0.0575098438,-43.77740244
hard-sphere-seed-05,5,423,52.3,0.1,0.012210215,0.0591936033,-79.37240801
hard-sphere-seed-05,5,424,52.4,0.1,0.0299605065,0.0628018152,-52.29356599
hard-sphere-seed-05,5,425,52.5,0.1,0.1438470779,0.0629246475,128.60211958
hard-sphere-seed-05,5,426,52.6,0.1,0.1070395041,0.0604923003,76.94731978
hard-sphere-seed-05,5,427,52.7,0.1,0.0673852679,0.0618483708,8.95237343
hard-sphere-seed-05,5,428,52.8,0.1,0.0265616411,0.0636537348,-58.27166904
hard-sphere-seed-05,5,429,52.9,0.1,0.1497464601,0.0628117085,138.40532883
hard-sphere-seed-05,5,430,53,0.1,0.0260505967,0.0659171468,-60.47978711
hard-sphere-seed-05,5,431,53.1,0.1,0.0657326459,0.0675727506,-2.72314607
hard-sphere-seed-05,5,432,53.2,0.1,0.0572382458,0.0678300721,-15.61523669
hard-sphere-seed-05,5,433,53.3,0.1,0.043985195,0.0684951092,-35.78345161
hard-sphere-seed-05,5,434,53.4,0.1,0.0603078548,0.0679784145,-11.28381676
hard-sphere-seed-05,5,435,53.5,0.1,0.1041114151,0.0660577343,57.60669979
hard-sphere-seed-05,5,436,53.6,0.1,0.0466543723,0.067778239,-31.16614859
hard-sphere-seed-05,5,437,53.7,0.1,0.0651136831,0.0693114878,-6.0564343
hard-sphere-seed-05,5,438,53.8,0.1,0.0771657329,0.0673989659,14.4909746
hard-sphere-seed-05,5,439,53.9,0.1,0.0628066282,0.0650083468,-3.38682455
hard-sphere-seed-05,5,440,54,0.1,0.2076086632,0.0645897879,221.42645135
hard-sphere-seed-05,5,441,54.1,0.1,0.2030287978,0.0617535019,228.77293008
hard-sphere-seed-05,5,442,54.2,0.1,0.074645178,0.0612238446,21.92174219
hard-sphere-seed-05,5,443,54.3,0.1,0.0825517608,0.0613043797,34.65883056
hard-sphere-seed-05,5,444,54.4,0.1,0.0473957517,0.0606518476,-21.85604621
hard-sphere-seed-05,5,445,54.5,0.1,0,0.0614889634,-100
hard-sphere-seed-05,5,446,54.6,0.1,0.0596196977,0.0598003817,-0.30214523
hard-sphere-seed-05,5,447,54.7,0.1,0.0933827448,0.0602776147,54.92110173
hard-sphere-seed-05,5,448,54.8,0.1,0.023689328,0.0600202137,-60.53108347
hard-sphere-seed-05,5,449,54.9,0.1,0.0870529467,0.062444701,39.40806068
hard-sphere-seed-05,5,450,55,0.1,0.0973523229,0.0588964688,65.29398934
hard-sphere-seed-05,5,451,55.1,0.1,0.0673206421,0.0588011791,14.48859217
hard-sphere-seed-05,5,452,55.2,0.1,0.0268332452,0.0587155119,-54.29956364
hard-sphere-seed-05,5,453,55.3,0.1,0.0938071215,0.060285753,55.60412992
hard-sphere-seed-05,5,454,55.4,0.1,0.0630420577,0.0597316718,5.54209479
hard-sphere-seed-05,5,455,55.5,0.1,0.0568416803,0.0614004088,-7.42458982
hard-sphere-seed-05,5,456,55.6,0.1,0.1135072943,0.0615331971,84.46513391
hard-sphere-seed-05,5,457,55.7,0.1,0.0550089461,0.0607232352,-9.41038313
hard-sphere-seed-05,5,458,55.8,0.1,0.0685979264,0.0582674269,17.72945895
hard-sphere-seed-05,5,459,55.9,0.1,0.1616047511,0.0579144786,179.04032814
hard-sphere-seed-05,5,460,56,0.1,0.0562436294,0.0585919692,-4.00795493
hard-sphere-seed-05,5,461,56.1,0.1,0,0.0593482152,-100
hard-sphere-seed-05,5,462,56.2,0.1,0.00603526,0.0584403417,-89.67278459
hard-sphere-seed-05,5,463,56.3,0.1,0.0136623505,0.0576927974,-76.3187934
hard-sphere-seed-05,5,464,56.4,0.1,0.0679558326,0.0572852004,18.62720574
hard-sphere-seed-05,5,465,56.5,0.1,0.0154883856,0.0579014029,-73.2504139
hard-sphere-seed-05,5,466,56.6,0.1,0.0420815284,0.0585704749,-28.15231819
hard-sphere-seed-05,5,467,56.7,0.1,0.0627615741,0.0594958394,5.48901367
hard-sphere-seed-05,5,468,56.8,0.1,0.0378142913,0.0588225674,-35.71465348
hard-sphere-seed-05,5,469,56.9,0.1,0.0252393511,0.059301379,-57.43884625
hard-sphere-seed-05,5,470,57,0.1,0.0958187744,0.0583921952,64.09517429
hard-sphere-seed-05,5,471,57.1,0.1,0.055253451,0.0564947519,-2.1971969
hard-sphere-seed-05,5,472,57.2,0.1,0,0.0552348097,-100
hard-sphere-seed-05,5,473,57.3,0.1,0,0.0558096792,-100
hard-sphere-seed-05,5,474,57.4,0.1,0.0333971378,0.0551232748,-39.41372695
hard-sphere-seed-05,5,475,57.5,0.1,0.0636836618,0.0555493015,14.64349698
hard-sphere-seed-05,5,476,57.6,0.1,0.0173776714,0.0579111439,-69.99252614
hard-sphere-seed-05,5,477,57.7,0.1,0.0486890356,0.0601503826,-19.05448732
hard-sphere-seed-05,5,478,57.8,0.1,0.0267611418,0.0617129476,-56.63609851
hard-sphere-seed-05,5,479,57.9,0.1,0.023590332,0.0591277072,-60.10274529
hard-sphere-seed-05,5,480,58,0.1,0.005890164,0.0584963535,-89.93071597
hard-sphere-seed-05,5,481,58.1,0.1,0.0526940866,0.0581974273,-9.45632994
hard-sphere-seed-05,5,482,58.2,0.1,0.0662806631,0.0607276388,9.1441464
hard-sphere-seed-05,5,483,58.3,0.1,0.0476799283,0.0610238234,-21.86669791
hard-sphere-seed-05,5,484,58.4,0.1,0.0592550266,0.061106153,-3.02936156
hard-sphere-seed-05,5,485,58.5,0.1,0.0972051482,0.0607871524,59.910679
hard-sphere-seed-05,5,486,58.6,0.1,0.0375662511,0.0638058105,-41.12409067
hard-sphere-seed-05,5,487,58.7,0.1,0.0853290747,0.0626211496,36.26238942
hard-sphere-seed-05,5,488,58.8,0.1,0.0716052666,0.0614970985,16.43682115
hard-sphere-seed-05,5,489,58.9,0.1,0.0423188737,0.0631466682,-32.98320406
hard-sphere-seed-05,5,490,59,0.1,0.1377884701,0.0616772781,123.40231981
hard-sphere-seed-05,5,491,59.1,0.1,0.0887088241,0.0606213145,46.33272937
hard-sphere-seed-05,5,492,59.2,0.1,0.0364111225,0.0577487007,-36.9490186
hard-sphere-seed-05,5,493,59.3,0.1,0.0944231192,0.0566209469,66.76358204
hard-sphere-seed-05,5,494,59.4,0.1,0.0410025773,0.0594652277,-31.04780906
hard-sphere-seed-05,5,495,59.5,0.1,0.1001314157,0.0597613608,67.55210125
hard-sphere-seed-05,5,496,59.6,0.1,0.031407525,0.0614110695,-48.85689941
hard-sphere-seed-05,5,497,59.7,0.1,0.0671720408,0.0634730078,5.82772603
hard-sphere-seed-05,5,498,59.8,0.1,0.0596348603,0.0644626947,-7.48934626
hard-sphere-seed-05,5,499,59.9,0.1,0.0631158125,0.0622601268,1.37437196
hard-sphere-seed-05,5,500,60,0.1,0.1238991231,0.0602474776,105.65030779
hard-sphere-seed-05,5,501,60.1,0.1,0.0693220198,0.0586221731,18.25221786
hard-sphere-seed-05,5,502,60.2,0.1,0.0699516712,0.0585818287,19.40848002
hard-sphere-seed-05,5,503,60.3,0.1,0.0193702298,0.0588270368,-67.07257261
hard-sphere-seed-05,5,504,60.4,0.1,0,0.0586752922,-100
hard-sphere-seed-05,5,505,60.5,0.1,0.1514575853,0.0582051638,160.21331348
hard-sphere-seed-05,5,506,60.6,0.1,0.0553717001,0.0583804149,-5.15363731
hard-sphere-seed-05,5,507,60.7,0.1,0.0713096986,0.0594018169,20.04632569
hard-sphere-seed-05,5,508,60.8,0.1,0.0832229753,0.0592172975,40.53828663
hard-sphere-seed-05,5,509,60.9,0.1,0.1126025139,0.0595324103,89.14489313
hard-sphere-seed-05,5,510,61,0.1,0.0207398703,0.0595021985,-65.14436307
hard-sphere-seed-05,5,511,61.1,0.1,0.0908258656,0.0573638917,58.33281691
hard-sphere-seed-05,5,512,61.2,0.1,0.1138656464,0.0578825292,96.71850542
hard-sphere-seed-05,5,513,61.3,0.1,0.1194717586,0.060394504,97.81892501
hard-sphere-seed-05,5,514,61.4,0.1,0.0294576213,0.0588812627,-49.97114531
hard-sphere-seed-05,5,515,61.5,0.1,0.0547682086,0.0574088485,-4.59970886
hard-sphere-seed-05,5,516,61.6,0.1,0.0612797949,0.0565508916,8.36220814
hard-sphere-seed-05,5,517,61.7,0.1,0.0408679755,0.0564837205,-27.64645258
hard-sphere-seed-05,5,518,61.8,0.1,0.0999182818,0.0569059513,75.58494232
hard-sphere-seed-05,5,519,61.9,0.1,0.0104967559,0.0589641737,-82.19807844
hard-sphere-seed-05,5,520,62,0.1,0.0713540124,0.0570266566,25.12396243
hard-sphere-seed-05,5,521,62.1,0.1,0.0590152797,0.0562434486,4.92827368
hard-sphere-seed-05,5,522,62.2,0.1,0.0529029829,0.0541668686,-2.33331867
hard-sphere-seed-05,5,523,62.3,0.1,0.0191563303,0.0558077624,-65.6744341
hard-sphere-seed-05,5,524,62.4,0.1,0.1243604882,0.0573842537,116.71535331
hard-sphere-seed-05,5,525,62.5,0.1,0.0669609194,0.0550287126,21.68360163
hard-sphere-seed-05,5,526,62.6,0.1,0.0536027012,0.0551019506,-2.72086447
hard-sphere-seed-05,5,527,62.7,0.1,0.0469228237,0.0569415761,-17.59479279
hard-sphere-seed-05,5,528,62.8,0.1,0.0037066285,0.0577900448,-93.58604316
hard-sphere-seed-05,5,529,62.9,0.1,0.0629065009,0.0566697166,11.00549747
hard-sphere-seed-05,5,530,63,0.1,0.0427894617,0.0564911024,-24.25451104
hard-sphere-seed-05,5,531,63.1,0.1,0.0812011063,0.0563556676,44.08685002
hard-sphere-seed-05,5,532,63.2,0.1,0.036036857,0.0551302433,-34.63323429
hard-sphere-seed-05,5,533,63.3,0.1,0.0253033016,0.0565330167,-55.24155074
hard-sphere-seed-05,5,534,63.4,0.1,0.0652776341,0.055649377,17.30164403
hard-sphere-seed-05,5,535,63.5,0.1,0.0359306602,0.0524595086,-31.50782161
hard-sphere-seed-05,5,536,63.6,0.1,0.0966027548,0.0542749311,77.98779804
hard-sphere-seed-05,5,537,63.7,0.1,0.1133260922,0.0590748963,91.83460208
hard-sphere-seed-05,5,538,63.8,0.1,0.0491478848,0.0575350726,-14.57752202
hard-sphere-seed-05,5,539,63.9,0.1,0.0435548761,0.0584279104,-25.45535882
hard-sphere-seed-05,5,540,64,0.1,0.0299044505,0.0599698846,-50.13422039
hard-sphere-seed-05,5,541,64.1,0.1,0.08122689,0.0571789348,42.05736845
hard-sphere-seed-05,5,542,64.2,0.1,0.1396470083,0.054673869,155.41819308
hard-sphere-seed-05,5,543,64.3,0.1,0.071632107,0.0522435013,37.11199509
hard-sphere-seed-05,5,544,64.4,0.1,0.0605555736,0.0533376377,13.53253771
hard-sphere-seed-05,5,545,64.5,0.1,0.1187811884,0.0544015958,118.34136791
hard-sphere-seed-05,5,546,64.6,0.1,0.0680366366,0.0563357361,20.76994339
hard-sphere-seed-05,5,547,64.7,0.1,0.0067122203,0.0584856144,-88.52329697
hard-sphere-seed-05,5,548,64.8,0.1,0.0604175296,0.0553879516,9.08063552
hard-sphere-seed-05,5,549,64.9,0.1,0.0710775632,0.0551937411,28.7783031
hard-sphere-seed-05,5,550,65,0.1,0.1256782949,0.0561744876,123.72842224
hard-sphere-seed-05,5,551,65.1,0.1,0,0.059227516,-100
hard-sphere-seed-05,5,552,65.2,0.1,0.0384535876,0.0573143738,-32.90760232
hard-sphere-seed-05,5,553,65.3,0.1,0.0911417577,0.0575556746,58.35407776
hard-sphere-seed-05,5,554,65.4,0.1,0.0958824815,0.0580550933,65.15774263
hard-sphere-seed-05,5,555,65.5,0.1,0.0654922407,0.0588849337,11.22070895
hard-sphere-seed-05,5,556,65.6,0.1,0.0199698405,0.0609289407,-67.22437598
hard-sphere-seed-05,5,557,65.7,0.1,0.0851715288,0.0616002241,38.26496581
hard-sphere-seed-05,5,558,65.8,0.1,0.0154266905,0.0629068454,-75.47692879
hard-sphere-seed-05,5,559,65.9,0.1,0.0118547001,0.059722393,-80.15032641
hard-sphere-seed-05,5,560,66,0.1,0.0126076181,0.0616727285,-79.55722337
hard-sphere-seed-05,5,561,66.1,0.1,0.0447030035,0.0622393709,-28.17568219
hard-sphere-seed-05,5,562,66.2,0.1,0.0829044682,0.0625981938,32.4390739
hard-sphere-seed-05,5,563,66.3,0.1,0.0840474723,0.0624096297,34.67067932
hard-sphere-seed-05,5,564,66.4,0.1,0.0605177841,0.0644913201,-6.16135008
hard-sphere-seed-05,5,565,66.5,0.1,0.0602652115,0.0660238813,-8.72210139
hard-sphere-seed-05,5,566,66.6,0.1,0.1612092621,0.0663433232,142.99244349
hard-sphere-seed-05,5,567,66.7,0.1,0.0769819031,0.0671430801,14.6535175
hard-sphere-seed-05,5,568,66.8,0.1,0.0335280035,0.0672230869,-50.12427277
hard-sphere-seed-05,5,569,66.9,0.1,0.1145785155,0.0679375354,68.65274074
hard-sphere-seed-05,5,570,67,0.1,0.104599952,0.0661879259,58.03479348
hard-sphere-seed-05,5,571,67.1,0.1,0.0827186694,0.0659658544,25.39619199
hard-sphere-seed-05,5,572,67.2,0.1,0.0947710799,0.0646669002,46.552687
hard-sphere-seed-05,5,573,67.3,0.1,0.0693970837,0.0621318799,11.69319807
hard-sphere-seed-05,5,574,67.4,0.1,0,0.0646014487,-100
hard-sphere-seed-05,5,575,67.5,0.1,0.0682057272,0.0655497462,4.05185547
hard-sphere-seed-05,5,576,67.6,0.1,0.0736251396,0.0664860877,10.73766282
hard-sphere-seed-05,5,577,67.7,0.1,0.1368107454,0.0665417202,105.6014559
hard-sphere-seed-05,5,578,67.8,0.1,0.0318391456,0.0682277183,-53.33400205
hard-sphere-seed-05,5,579,67.9,0.1,0.1082488909,0.0707963442,52.90180892
hard-sphere-seed-05,5,580,68,0.1,0,0.0696812161,-100
hard-sphere-seed-05,5,581,68.1,0.1,0.0190828902,0.0652614271,-70.75931214
hard-sphere-seed-05,5,582,68.2,0.1,0.0178722848,0.0621910587,-71.26229211
hard-sphere-seed-05,5,583,68.3,0.1,0.0584883912,0.0607556223,-3.73172237
hard-sphere-seed-05,5,584,68.4,0.1,0.0855285941,0.0611172951,39.94172007
hard-sphere-seed-05,5,585,68.5,0.1,0.0217045268,0.0596689356,-63.62508135
hard-sphere-seed-05,5,586,68.6,0.1,0.1178467484,0.0585437487,101.29689525
hard-sphere-seed-05,5,587,68.7,0.1,0.11676832,0.0588976102,98.25646494
hard-sphere-seed-05,5,588,68.8,0.1,0.1014053791,0.0590850994,71.62597703
hard-sphere-seed-05,5,589,68.9,0.1,0.0547851815,0.0581450835,-5.77847989
hard-sphere-seed-05,5,590,69,0.1,0.0618032249,0.0559601163,10.44155912
hard-sphere-seed-05,5,591,69.1,0.1,0.0297333825,0.0541204938,-45.06077017
hard-sphere-seed-05,5,592,69.2,0.1,0.1057687214,0.0571404408,85.1030896
hard-sphere-seed-05,5,593,69.3,0.1,0.0431508475,0.0587291018,-26.52561309
hard-sphere-seed-05,5,594,69.4,0.1,0,0.0574029917,-100
hard-sphere-seed-05,5,595,69.5,0.1,0.1002645164,0.0543108922,84.61216942
hard-sphere-seed-05,5,596,69.6,0.1,0.0558094456,0.0568156077,-1.77092553
hard-sphere-seed-05,5,597,69.7,0.1,0.0440766703,0.060171857,-26.74869535
hard-sphere-seed-05,5,598,69.8,0.1,0.0196329358,0.0614214851,-68.03571942
hard-sphere-seed-05,5,599,69.9,0.1,0.0773805998,0.0627366234,23.34199022
hard-sphere-seed-05,5,600,70,0.1,0.0709685403,0.0621835953,14.12743172
